-- MySQL Administrator dump 1.4
--
-- ------------------------------------------------------
-- Server version	5.5.9


/*!40101 SET @OLD_CHARACTER_SET_CLIENT=@@CHARACTER_SET_CLIENT */;
/*!40101 SET @OLD_CHARACTER_SET_RESULTS=@@CHARACTER_SET_RESULTS */;
/*!40101 SET @OLD_COLLATION_CONNECTION=@@COLLATION_CONNECTION */;
/*!40101 SET NAMES utf8 */;

/*!40014 SET @OLD_UNIQUE_CHECKS=@@UNIQUE_CHECKS, UNIQUE_CHECKS=0 */;
/*!40014 SET @OLD_FOREIGN_KEY_CHECKS=@@FOREIGN_KEY_CHECKS, FOREIGN_KEY_CHECKS=0 */;
/*!40101 SET @OLD_SQL_MODE=@@SQL_MODE, SQL_MODE='NO_AUTO_VALUE_ON_ZERO' */;


--
-- Create schema test
--

CREATE DATABASE IF NOT EXISTS test;
USE test;

--
-- Definition of table `test`.`departamentos`
--

DROP TABLE IF EXISTS `test`.`departamentos`;
CREATE TABLE  `test`.`departamentos` (
  `id` tinyint(3) unsigned NOT NULL AUTO_INCREMENT,
  `coddep` char(2) NOT NULL,
  `desdep` varchar(50) NOT NULL,
  PRIMARY KEY (`id`)
) ENGINE=InnoDB AUTO_INCREMENT=27 DEFAULT CHARSET=latin1;

--
-- Dumping data for table `test`.`departamentos`
--

/*!40000 ALTER TABLE `departamentos` DISABLE KEYS */;
LOCK TABLES `departamentos` WRITE;
INSERT INTO `test`.`departamentos` VALUES  (1,'01','AMAZONAS'),
 (2,'02','ANCASH'),
 (3,'03','APURIMAC'),
 (4,'04','AREQUIPA'),
 (5,'05','AYACUCHO'),
 (6,'06','CAJAMARCA'),
 (7,'07','CALLAO'),
 (8,'08','CUSCO'),
 (9,'09','HUANCAVELICA'),
 (10,'10','HUANUCO'),
 (11,'11','ICA'),
 (12,'12','JUNIN'),
 (13,'13','LA LIBERTAD'),
 (14,'14','LAMBAYEQUE'),
 (15,'15','LIMA'),
 (16,'16','LORETO'),
 (17,'17','MADRE DE DIOS'),
 (18,'18','MOQUEGUA'),
 (19,'19','PASCO'),
 (20,'20','PIURA'),
 (21,'21','PUNO'),
 (22,'22','SAN MARTIN'),
 (23,'23','TACNA'),
 (24,'24','TUMBES'),
 (25,'25','UCAYALI'),
 (26,'99','EXTRANJERO');
UNLOCK TABLES;
/*!40000 ALTER TABLE `departamentos` ENABLE KEYS */;


--
-- Definition of table `test`.`distritos`
--

DROP TABLE IF EXISTS `test`.`distritos`;
CREATE TABLE  `test`.`distritos` (
  `id` smallint(5) unsigned NOT NULL AUTO_INCREMENT,
  `desdist` varchar(50) NOT NULL,
  `coddis` char(6) NOT NULL,
  `provincia_id` smallint(5) unsigned NOT NULL,
  PRIMARY KEY (`id`),
  KEY `codpro` (`provincia_id`)
) ENGINE=InnoDB AUTO_INCREMENT=1866 DEFAULT CHARSET=latin1;

--
-- Dumping data for table `test`.`distritos`
--

/*!40000 ALTER TABLE `distritos` DISABLE KEYS */;
LOCK TABLES `distritos` WRITE;
INSERT INTO `test`.`distritos` VALUES  (1,'CHACHAPOYAS','010101',1),
 (2,'ASUNCION','010102',1),
 (3,'BALSAS','010103',1),
 (4,'CHETO','010104',1),
 (5,'CHILIQUIN','010105',1),
 (6,'CHUQUIBAMBA','010106',1),
 (7,'GRANADA','010107',1),
 (8,'HUANCAS','010108',1),
 (9,'LA JALCA','010109',1),
 (10,'LEIMEBAMBA','010110',1),
 (11,'LEVANTO','010111',1),
 (12,'MAGDALENA','010112',1),
 (13,'MARISCAL CASTILLA','010113',1),
 (14,'MOLINOPAMPA','010114',1),
 (15,'MONTEVIDEO','010115',1),
 (16,'OLLEROS','010116',1),
 (17,'QUINJALCA','010117',1),
 (18,'SAN FRANCISCO DE DAGUAS','010118',1),
 (19,'SAN ISIDRO DE MAINO','010119',1),
 (20,'SOLOCO','010120',1),
 (21,'SONCHE','010121',1),
 (22,'LA PECA','010201',2),
 (23,'ARAMANGO','010202',2),
 (24,'COPALLIN','010203',2),
 (25,'EL PARCO','010204',2),
 (26,'IMAZA','010205',2),
 (27,'JUMBILLA','010301',3),
 (28,'CHISQUILLA','010302',3),
 (29,'CHURUJA','010303',3),
 (30,'COROSHA','010304',3),
 (31,'CUISPES','010305',3),
 (32,'FLORIDA','010306',3),
 (33,'JAZAN','010307',3),
 (34,'RECTA','010308',3),
 (35,'SAN CARLOS','010309',3),
 (36,'SHIPASBAMBA','010310',3),
 (37,'VALERA','010311',3),
 (38,'YAMBRASBAMBA','010312',3),
 (39,'NIEVA','010401',4),
 (40,'EL CENEPA','010402',4),
 (41,'RIO SANTIAGO','010403',4),
 (42,'LAMUD','010501',5),
 (43,'CAMPORREDONDO','010502',5),
 (44,'COCABAMBA','010503',5),
 (45,'COLCAMAR','010504',5),
 (46,'CONILA','010505',5),
 (47,'INGUILPATA','010506',5),
 (48,'LONGUITA','010507',5),
 (49,'LONYA CHICO','010508',5),
 (50,'LUYA','010509',5),
 (51,'LUYA VIEJO','010510',5),
 (52,'MARIA','010511',5),
 (53,'OCALLI','010512',5),
 (54,'OCUMAL','010513',5),
 (55,'PISUQUIA','010514',5),
 (56,'PROVIDENCIA','010515',5),
 (57,'SAN CRISTOBAL','010516',5),
 (58,'SAN FRANCISCO DEL YESO','010517',5),
 (59,'SAN JERONIMO','010518',5),
 (60,'SAN JUAN DE LOPECANCHA','010519',5),
 (61,'SANTA CATALINA','010520',5),
 (62,'SANTO TOMAS','010521',5),
 (63,'TINGO','010522',5),
 (64,'TRITA','010523',5),
 (65,'SAN NICOLAS','010601',6),
 (66,'CHIRIMOTO','010602',6),
 (67,'COCHAMAL','010603',6),
 (68,'HUAMBO','010604',6),
 (69,'LIMABAMBA','010605',6),
 (70,'LONGAR','010606',6),
 (71,'MARISCAL BENAVIDES','010607',6),
 (72,'MILPUC','010608',6),
 (73,'OMIA','010609',6),
 (74,'SANTA ROSA','010610',6),
 (75,'TOTORA','010611',6),
 (76,'VISTA ALEGRE','010612',6),
 (77,'BAGUA GRANDE','010701',7),
 (78,'CAJARURO','010702',7),
 (79,'CUMBA','010703',7),
 (80,'EL MILAGRO','010704',7),
 (81,'JAMALCA','010705',7),
 (82,'LONYA GRANDE','010706',7),
 (83,'YAMON','010707',7),
 (84,'HUARAZ','020101',8),
 (85,'COCHABAMBA','020102',8),
 (86,'COLCABAMBA','020103',8),
 (87,'HUANCHAY','020104',8),
 (88,'INDEPENDENCIA','020105',8),
 (89,'JANGAS','020106',8),
 (90,'LA LIBERTAD','020107',8),
 (91,'OLLEROS','020108',8),
 (92,'PAMPAS','020109',8),
 (93,'PARIACOTO','020110',8),
 (94,'PIRA','020111',8),
 (95,'TARICA','020112',8),
 (96,'AIJA','020201',9),
 (97,'CORIS','020202',9),
 (98,'HUACLLAN','020203',9),
 (99,'LA MERCED','020204',9),
 (100,'SUCCHA','020205',9),
 (101,'LLAMELLIN','020301',10),
 (102,'ACZO','020302',10),
 (103,'CHACCHO','020303',10),
 (104,'CHINGAS','020304',10),
 (105,'MIRGAS','020305',10),
 (106,'SAN JUAN DE RONTOY','020306',10),
 (107,'CHACAS','020401',11),
 (108,'ACOCHACA','020402',11),
 (109,'CHIQUIAN','020501',12),
 (110,'ABELARDO PARDO LEZAMETA','020502',12),
 (111,'ANTONIO RAYMONDI','020503',12),
 (112,'AQUIA','020504',12),
 (113,'CAJACAY','020505',12),
 (114,'CANIS','020506',12),
 (115,'COLQUIOC','020507',12),
 (116,'HUALLANCA','020508',12),
 (117,'HUASTA','020509',12),
 (118,'HUAYLLACAYAN','020510',12),
 (119,'LA PRIMAVERA','020511',12),
 (120,'MANGAS','020512',12),
 (121,'PACLLON','020513',12),
 (122,'SAN MIGUEL DE CORPANQUI','020514',12),
 (123,'TICLLOS','020515',12),
 (124,'CARHUAZ','020601',13),
 (125,'ACOPAMPA','020602',13),
 (126,'AMASHCA','020603',13),
 (127,'ANTA','020604',13),
 (128,'ATAQUERO','020605',13),
 (129,'MARCARA','020606',13),
 (130,'PARIAHUANCA','020607',13),
 (131,'SAN MIGUEL DE ACO','020608',13),
 (132,'SHILLA','020609',13),
 (133,'TINCO','020610',13),
 (134,'YUNGAR','020611',13),
 (135,'SAN LUIS','020701',14),
 (136,'SAN NICOLAS','020702',14),
 (137,'YAUYA','020703',14),
 (138,'CASMA','020801',15),
 (139,'BUENA VISTA ALTA','020802',15),
 (140,'COMANDANTE NOEL','020803',15),
 (141,'YAUTAN','020804',15),
 (142,'CORONGO','020901',16),
 (143,'ACO','020902',16),
 (144,'BAMBAS','020903',16),
 (145,'CUSCA','020904',16),
 (146,'LA PAMPA','020905',16),
 (147,'YANAC','020906',16),
 (148,'YUPAN','020907',16),
 (149,'HUARI','021001',17),
 (150,'ANRA','021002',17),
 (151,'CAJAY','021003',17),
 (152,'CHAVIN DE HUANTAR','021004',17),
 (153,'HUACACHI','021005',17),
 (154,'HUACCHIS','021006',17),
 (155,'HUACHIS','021007',17),
 (156,'HUANTAR','021008',17),
 (157,'MASIN','021009',17),
 (158,'PAUCAS','021010',17),
 (159,'PONTO','021011',17),
 (160,'RAHUAPAMPA','021012',17),
 (161,'RAPAYAN','021013',17),
 (162,'SAN MARCOS','021014',17),
 (163,'SAN PEDRO DE CHANA','021015',17),
 (164,'UCO','021016',17),
 (165,'HUARMEY','021101',18),
 (166,'COCHAPETI','021102',18),
 (167,'CULEBRAS','021103',18),
 (168,'HUAYAN','021104',18),
 (169,'MALVAS','021105',18),
 (170,'CARAZ','021201',19),
 (171,'HUALLANCA','021202',19),
 (172,'HUATA','021203',19),
 (173,'HUAYLAS','021204',19),
 (174,'MATO','021205',19),
 (175,'PAMPAROMAS','021206',19),
 (176,'PUEBLO LIBRE','021207',19),
 (177,'SANTA CRUZ','021208',19),
 (178,'SANTO TORIBIO','021209',19),
 (179,'YURACMARCA','021210',19),
 (180,'PISCOBAMBA','021301',20),
 (181,'CASCA','021302',20),
 (182,'ELEAZAR GUZMAN BARRON','021303',20),
 (183,'FIDEL OLIVAS ESCUDERO','021304',20),
 (184,'LLAMA','021305',20),
 (185,'LLUMPA','021306',20),
 (186,'LUCMA','021307',20),
 (187,'MUSGA','021308',20),
 (188,'OCROS','021401',21),
 (189,'ACAS','021402',21),
 (190,'CAJAMARQUILLA','021403',21),
 (191,'CARHUAPAMPA','021404',21),
 (192,'COCHAS','021405',21),
 (193,'CONGAS','021406',21),
 (194,'LLIPA','021407',21),
 (195,'SAN CRISTOBAL DE RAJAN','021408',21),
 (196,'SAN PEDRO','021409',21),
 (197,'SANTIAGO DE CHILCAS','021410',21),
 (198,'CABANA','021501',22),
 (199,'BOLOGNESI','021502',22),
 (200,'CONCHUCOS','021503',22),
 (201,'HUACASCHUQUE','021504',22),
 (202,'HUANDOVAL','021505',22),
 (203,'LACABAMBA','021506',22),
 (204,'LLAPO','021507',22),
 (205,'PALLASCA','021508',22),
 (206,'PAMPAS','021509',22),
 (207,'SANTA ROSA','021510',22),
 (208,'TAUCA','021511',22),
 (209,'POMABAMBA','021601',23),
 (210,'HUAYLLAN','021602',23),
 (211,'PAROBAMBA','021603',23),
 (212,'QUINUABAMBA','021604',23),
 (213,'RECUAY','021701',24),
 (214,'CATAC','021702',24),
 (215,'COTAPARACO','021703',24),
 (216,'HUAYLLAPAMPA','021704',24),
 (217,'LLACLLIN','021705',24),
 (218,'MARCA','021706',24),
 (219,'PAMPAS CHICO','021707',24),
 (220,'PARARIN','021708',24),
 (221,'TAPACOCHA','021709',24),
 (222,'TICAPAMPA','021710',24),
 (223,'CHIMBOTE','021801',25),
 (224,'CACERES DEL PERU','021802',25),
 (225,'COISHCO','021803',25),
 (226,'MACATE','021804',25),
 (227,'MORO','021805',25),
 (228,'NEPE A','021806',25),
 (229,'SAMANCO','021807',25),
 (230,'SANTA','021808',25),
 (231,'NUEVO CHIMBOTE','021809',25),
 (232,'SIHUAS','021901',26),
 (233,'ACOBAMBA','021902',26),
 (234,'ALFONSO UGARTE','021903',26),
 (235,'CASHAPAMPA','021904',26),
 (236,'CHINGALPO','021905',26),
 (237,'HUAYLLABAMBA','021906',26),
 (238,'QUICHES','021907',26),
 (239,'RAGASH','021908',26),
 (240,'SAN JUAN','021909',26),
 (241,'SICSIBAMBA','021910',26),
 (242,'YUNGAY','022001',27),
 (243,'CASCAPARA','022002',27),
 (244,'MANCOS','022003',27),
 (245,'MATACOTO','022004',27),
 (246,'QUILLO','022005',27),
 (247,'RANRAHIRCA','022006',27),
 (248,'SHUPLUY','022007',27),
 (249,'YANAMA','022008',27),
 (250,'ABANCAY','030101',28),
 (251,'CHACOCHE','030102',28),
 (252,'CIRCA','030103',28),
 (253,'CURAHUASI','030104',28),
 (254,'HUANIPACA','030105',28),
 (255,'LAMBRAMA','030106',28),
 (256,'PICHIRHUA','030107',28),
 (257,'SAN PEDRO DE CACHORA','030108',28),
 (258,'TAMBURCO','030109',28),
 (259,'ANDAHUAYLAS','030201',29),
 (260,'ANDARAPA','030202',29),
 (261,'CHIARA','030203',29),
 (262,'HUANCARAMA','030204',29),
 (263,'HUANCARAY','030205',29),
 (264,'HUAYANA','030206',29),
 (265,'KISHUARA','030207',29),
 (266,'PACOBAMBA','030208',29),
 (267,'PACUCHA','030209',29),
 (268,'PAMPACHIRI','030210',29),
 (269,'POMACOCHA','030211',29),
 (270,'SAN ANTONIO DE CACHI','030212',29),
 (271,'SAN JERONIMO','030213',29),
 (272,'SAN MIGUEL DE CHACCRAMPA','030214',29),
 (273,'SANTA MARIA DE CHICMO','030215',29),
 (274,'TALAVERA','030216',29),
 (275,'TUMAY HUARACA','030217',29),
 (276,'TURPO','030218',29),
 (277,'KAQUIABAMBA','030219',29),
 (278,'ANTABAMBA','030301',30),
 (279,'EL ORO','030302',30),
 (280,'HUAQUIRCA','030303',30),
 (281,'JUAN ESPINOZA MEDRANO','030304',30),
 (282,'OROPESA','030305',30),
 (283,'PACHACONAS','030306',30),
 (284,'SABAINO','030307',30),
 (285,'CHALHUANCA','030401',31),
 (286,'CAPAYA','030402',31),
 (287,'CARAYBAMBA','030403',31),
 (288,'CHAPIMARCA','030404',31),
 (289,'COLCABAMBA','030405',31),
 (290,'COTARUSE','030406',31),
 (291,'HUAYLLO','030407',31),
 (292,'JUSTO APU SAHUARAURA','030408',31),
 (293,'LUCRE','030409',31),
 (294,'POCOHUANCA','030410',31),
 (295,'SAN JUAN DE CHAC A','030411',31),
 (296,'SA AYCA','030412',31),
 (297,'SORAYA','030413',31),
 (298,'TAPAIRIHUA','030414',31),
 (299,'TINTAY','030415',31),
 (300,'TORAYA','030416',31),
 (301,'YANACA','030417',31),
 (302,'TAMBOBAMBA','030501',32),
 (303,'COTABAMBAS','030502',32),
 (304,'COYLLURQUI','030503',32),
 (305,'HAQUIRA','030504',32),
 (306,'MARA','030505',32),
 (307,'CHALLHUAHUACHO','030506',32),
 (308,'CHINCHEROS','030601',33),
 (309,'ANCO-HUALLO','030602',33),
 (310,'COCHARCAS','030603',33),
 (311,'HUACCANA','030604',33),
 (312,'OCOBAMBA','030605',33),
 (313,'ONGOY','030606',33),
 (314,'URANMARCA','030607',33),
 (315,'RANRACANCHA','030608',33),
 (316,'CHUQUIBAMBILLA','030701',34),
 (317,'CURPAHUASI','030702',34),
 (318,'GAMARRA','030703',34),
 (319,'HUAYLLATI','030704',34),
 (320,'MAMARA','030705',34),
 (321,'MICAELA BASTIDAS','030706',34),
 (322,'PATAYPAMPA','030707',34),
 (323,'PROGRESO','030708',34),
 (324,'SAN ANTONIO','030709',34),
 (325,'SANTA ROSA','030710',34),
 (326,'TURPAY','030711',34),
 (327,'VILCABAMBA','030712',34),
 (328,'VIRUNDO','030713',34),
 (329,'CURASCO','030714',34),
 (330,'AREQUIPA','040101',35),
 (331,'ALTO SELVA ALEGRE','040102',35),
 (332,'CAYMA','040103',35),
 (333,'CERRO COLORADO','040104',35),
 (334,'CHARACATO','040105',35),
 (335,'CHIGUATA','040106',35),
 (336,'JACOBO HUNTER','040107',35),
 (337,'LA JOYA','040108',35),
 (338,'MARIANO MELGAR','040109',35),
 (339,'MIRAFLORES','040110',35),
 (340,'MOLLEBAYA','040111',35),
 (341,'PAUCARPATA','040112',35),
 (342,'POCSI','040113',35),
 (343,'POLOBAYA','040114',35),
 (344,'QUEQUE A','040115',35),
 (345,'SABANDIA','040116',35),
 (346,'SACHACA','040117',35),
 (347,'SAN JUAN DE SIGUAS','040118',35),
 (348,'SAN JUAN DE TARUCANI','040119',35),
 (349,'SANTA ISABEL DE SIGUAS','040120',35),
 (350,'SANTA RITA DE SIGUAS','040121',35),
 (351,'SOCABAYA','040122',35),
 (352,'TIABAYA','040123',35),
 (353,'UCHUMAYO','040124',35),
 (354,'VITOR','040125',35),
 (355,'YANAHUARA','040126',35),
 (356,'YARABAMBA','040127',35),
 (357,'YURA','040128',35),
 (358,'JOSE LUIS BUSTAMANTE Y RIVERO','040129',35),
 (359,'CAMANA','040201',36),
 (360,'JOSE MARIA QUIMPER','040202',36),
 (361,'MARIANO NICOLAS VALCARCEL','040203',36),
 (362,'MARISCAL CACERES','040204',36),
 (363,'NICOLAS DE PIEROLA','040205',36),
 (364,'OCO A','040206',36),
 (365,'QUILCA','040207',36),
 (366,'SAMUEL PASTOR','040208',36),
 (367,'CARAVELI','040301',37),
 (368,'ACARI','040302',37),
 (369,'ATICO','040303',37),
 (370,'ATIQUIPA','040304',37),
 (371,'BELLA UNION','040305',37),
 (372,'CAHUACHO','040306',37),
 (373,'CHALA','040307',37),
 (374,'CHAPARRA','040308',37),
 (375,'HUANUHUANU','040309',37),
 (376,'JAQUI','040310',37),
 (377,'LOMAS','040311',37),
 (378,'QUICACHA','040312',37),
 (379,'YAUCA','040313',37),
 (380,'APLAO','040401',38),
 (381,'ANDAGUA','040402',38),
 (382,'AYO','040403',38),
 (383,'CHACHAS','040404',38),
 (384,'CHILCAYMARCA','040405',38),
 (385,'CHOCO','040406',38),
 (386,'HUANCARQUI','040407',38),
 (387,'MACHAGUAY','040408',38),
 (388,'ORCOPAMPA','040409',38),
 (389,'PAMPACOLCA','040410',38),
 (390,'TIPAN','040411',38),
 (391,'UNION','040412',38),
 (392,'URACA','040413',38),
 (393,'VIRACO','040414',38),
 (394,'CHIVAY','040501',39),
 (395,'ACHOMA','040502',39),
 (396,'CABANACONDE','040503',39),
 (397,'CALLALLI','040504',39),
 (398,'CAYLLOMA','040505',39),
 (399,'COPORAQUE','040506',39),
 (400,'HUAMBO','040507',39),
 (401,'HUANCA','040508',39),
 (402,'ICHUPAMPA','040509',39),
 (403,'LARI','040510',39),
 (404,'LLUTA','040511',39),
 (405,'MACA','040512',39),
 (406,'MADRIGAL','040513',39),
 (407,'SAN ANTONIO DE CHUCA','040514',39),
 (408,'SIBAYO','040515',39),
 (409,'TAPAY','040516',39),
 (410,'TISCO','040517',39),
 (411,'TUTI','040518',39),
 (412,'YANQUE','040519',39),
 (413,'MAJES','040520',39),
 (414,'CHUQUIBAMBA','040601',40),
 (415,'ANDARAY','040602',40),
 (416,'CAYARANI','040603',40),
 (417,'CHICHAS','040604',40),
 (418,'IRAY','040605',40),
 (419,'RIO GRANDE','040606',40),
 (420,'SALAMANCA','040607',40),
 (421,'YANAQUIHUA','040608',40),
 (422,'MOLLENDO','040701',41),
 (423,'COCACHACRA','040702',41),
 (424,'DEAN VALDIVIA','040703',41),
 (425,'ISLAY','040704',41),
 (426,'MEJIA','040705',41),
 (427,'PUNTA DE BOMBON','040706',41),
 (428,'COTAHUASI','040801',42),
 (429,'ALCA','040802',42),
 (430,'CHARCANA','040803',42),
 (431,'HUAYNACOTAS','040804',42),
 (432,'PAMPAMARCA','040805',42),
 (433,'PUYCA','040806',42),
 (434,'QUECHUALLA','040807',42),
 (435,'SAYLA','040808',42),
 (436,'TAURIA','040809',42),
 (437,'TOMEPAMPA','040810',42),
 (438,'TORO','040811',42),
 (439,'AYACUCHO','050101',43),
 (440,'ACOCRO','050102',43),
 (441,'ACOS VINCHOS','050103',43),
 (442,'CARMEN ALTO','050104',43),
 (443,'CHIARA','050105',43),
 (444,'OCROS','050106',43),
 (445,'PACAYCASA','050107',43),
 (446,'QUINUA','050108',43),
 (447,'SAN JOSE DE TICLLAS','050109',43),
 (448,'SAN JUAN BAUTISTA','050110',43),
 (449,'SANTIAGO DE PISCHA','050111',43),
 (450,'SOCOS','050112',43),
 (451,'TAMBILLO','050113',43),
 (452,'VINCHOS','050114',43),
 (453,'JESUS NAZARENO','050115',43),
 (454,'CANGALLO','050201',44),
 (455,'CHUSCHI','050202',44),
 (456,'LOS MOROCHUCOS','050203',44),
 (457,'MARIA PARADO DE BELLIDO','050204',44),
 (458,'PARAS','050205',44),
 (459,'TOTOS','050206',44),
 (460,'SANCOS','050301',45),
 (461,'CARAPO','050302',45),
 (462,'SACSAMARCA','050303',45),
 (463,'SANTIAGO DE LUCANAMARCA','050304',45),
 (464,'HUANTA','050401',46),
 (465,'AYAHUANCO','050402',46),
 (466,'HUAMANGUILLA','050403',46),
 (467,'IGUAIN','050404',46),
 (468,'LURICOCHA','050405',46),
 (469,'SANTILLANA','050406',46),
 (470,'SIVIA','050407',46),
 (471,'LLOCHEGUA','050408',46),
 (472,'SAN MIGUEL','050501',47),
 (473,'ANCO','050502',47),
 (474,'AYNA','050503',47),
 (475,'CHILCAS','050504',47),
 (476,'CHUNGUI','050505',47),
 (477,'LUIS CARRANZA','050506',47),
 (478,'SANTA ROSA','050507',47),
 (479,'TAMBO','050508',47),
 (480,'PUQUIO','050601',48),
 (481,'AUCARA','050602',48),
 (482,'CABANA','050603',48),
 (483,'CARMEN SALCEDO','050604',48),
 (484,'CHAVI A','050605',48),
 (485,'CHIPAO','050606',48),
 (486,'HUAC-HUAS','050607',48),
 (487,'LARAMATE','050608',48),
 (488,'LEONCIO PRADO','050609',48),
 (489,'LLAUTA','050610',48),
 (490,'LUCANAS','050611',48),
 (491,'OCA A','050612',48),
 (492,'OTOCA','050613',48),
 (493,'SAISA','050614',48),
 (494,'SAN CRISTOBAL','050615',48),
 (495,'SAN JUAN','050616',48),
 (496,'SAN PEDRO','050617',48),
 (497,'SAN PEDRO DE PALCO','050618',48),
 (498,'SANCOS','050619',48),
 (499,'SANTA ANA DE HUAYCAHUACHO','050620',48),
 (500,'SANTA LUCIA','050621',48),
 (501,'CORACORA','050701',49),
 (502,'CHUMPI','050702',49),
 (503,'CORONEL CASTA EDA','050703',49),
 (504,'PACAPAUSA','050704',49),
 (505,'PULLO','050705',49),
 (506,'PUYUSCA','050706',49),
 (507,'SAN FRANCISCO DE RAVACAYC','050707',49),
 (508,'UPAHUACHO','050708',49),
 (509,'PAUSA','050801',50),
 (510,'COLTA','050802',50),
 (511,'CORCULLA','050803',50),
 (512,'LAMPA','050804',50),
 (513,'MARCABAMBA','050805',50),
 (514,'OYOLO','050806',50),
 (515,'PARARCA','050807',50),
 (516,'SAN JAVIER DE ALPABAMBA','050808',50),
 (517,'SAN JOSE DE USHUA','050809',50),
 (518,'SARA SARA','050810',50),
 (519,'QUEROBAMBA','050901',51),
 (520,'BELEN','050902',51),
 (521,'CHALCOS','050903',51),
 (522,'CHILCAYOC','050904',51),
 (523,'HUACA A','050905',51),
 (524,'MORCOLLA','050906',51),
 (525,'PAICO','050907',51),
 (526,'SAN PEDRO DE LARCAY','050908',51),
 (527,'SAN SALVADOR DE QUIJE','050909',51),
 (528,'SANTIAGO DE PAUCARAY','050910',51),
 (529,'SORAS','050911',51),
 (530,'HUANCAPI','051001',52),
 (531,'ALCAMENCA','051002',52),
 (532,'APONGO','051003',52),
 (533,'ASQUIPATA','051004',52),
 (534,'CANARIA','051005',52),
 (535,'CAYARA','051006',52),
 (536,'COLCA','051007',52),
 (537,'HUAMANQUIQUIA','051008',52),
 (538,'HUANCARAYLLA','051009',52),
 (539,'HUAYA','051010',52),
 (540,'SARHUA','051011',52),
 (541,'VILCANCHOS','051012',52),
 (542,'VILCAS HUAMAN','051101',53),
 (543,'ACCOMARCA','051102',53),
 (544,'CARHUANCA','051103',53),
 (545,'CONCEPCION','051104',53),
 (546,'HUAMBALPA','051105',53),
 (547,'INDEPENDENCIA','051106',53),
 (548,'SAURAMA','051107',53),
 (549,'VISCHONGO','051108',53),
 (550,'CAJAMARCA','060101',54),
 (551,'ASUNCION','060102',54),
 (552,'CHETILLA','060103',54),
 (553,'COSPAN','060104',54),
 (554,'ENCAÑADA','060105',54),
 (555,'JESUS','060106',54),
 (556,'LLACANORA','060107',54),
 (557,'LOS BAÑOS DEL INCA','060108',54),
 (558,'MAGDALENA','060109',54),
 (559,'MATARA','060110',54),
 (560,'NAMORA','060111',54),
 (561,'SAN JUAN','060112',54),
 (562,'CAJABAMBA','060201',55),
 (563,'CACHACHI','060202',55),
 (564,'CONDEBAMBA','060203',55),
 (565,'SITACOCHA','060204',55),
 (566,'CELENDIN','060301',56),
 (567,'CHUMUCH','060302',56),
 (568,'CORTEGANA','060303',56),
 (569,'HUASMIN','060304',56),
 (570,'JORGE CHAVEZ','060305',56),
 (571,'JOSE GALVEZ','060306',56),
 (572,'MIGUEL IGLESIAS','060307',56),
 (573,'OXAMARCA','060308',56),
 (574,'SOROCHUCO','060309',56),
 (575,'SUCRE','060310',56),
 (576,'UTCO','060311',56),
 (577,'LA LIBERTAD DE PALLAN','060312',56),
 (578,'CHOTA','060401',57),
 (579,'ANGUIA','060402',57),
 (580,'CHADIN','060403',57),
 (581,'CHIGUIRIP','060404',57),
 (582,'CHIMBAN','060405',57),
 (583,'CHOROPAMPA','060406',57),
 (584,'COCHABAMBA','060407',57),
 (585,'CONCHAN','060408',57),
 (586,'HUAMBOS','060409',57),
 (587,'LAJAS','060410',57),
 (588,'LLAMA','060411',57),
 (589,'MIRACOSTA','060412',57),
 (590,'PACCHA','060413',57),
 (591,'PION','060414',57),
 (592,'QUEROCOTO','060415',57),
 (593,'SAN JUAN DE LICUPIS','060416',57),
 (594,'TACABAMBA','060417',57),
 (595,'TOCMOCHE','060418',57),
 (596,'CHALAMARCA','060419',57),
 (597,'CONTUMAZA','060501',58),
 (598,'CHILETE','060502',58),
 (599,'CUPISNIQUE','060503',58),
 (600,'GUZMANGO','060504',58),
 (601,'SAN BENITO','060505',58),
 (602,'SANTA CRUZ DE TOLED','060506',58),
 (603,'TANTARICA','060507',58),
 (604,'YONAN','060508',58),
 (605,'CUTERVO','060601',59),
 (606,'CALLAYUC','060602',59),
 (607,'CHOROS','060603',59),
 (608,'CUJILLO','060604',59),
 (609,'LA RAMADA','060605',59),
 (610,'PIMPINGOS','060606',59),
 (611,'QUEROCOTILLO','060607',59),
 (612,'SAN ANDRES DE CUTERVO','060608',59),
 (613,'SAN JUAN  DE CUTERVO','060609',59),
 (614,'SAN LUIS DE LUCMA','060610',59),
 (615,'SANTA CRUZ','060611',59),
 (616,'SANTO DOMINGO DE LA CAPILLA','060612',59),
 (617,'SANTO TOMAS','060613',59),
 (618,'SOCOTA','060614',59),
 (619,'TORIBIO CASANOVA','060615',59),
 (620,'BAMBAMARCA','060701',60),
 (621,'CHUGUR','060702',60),
 (622,'HUALGAYOC','060703',60),
 (623,'JAEN','060801',61),
 (624,'BELLAVISTA','060802',61),
 (625,'CHONTALI','060803',61),
 (626,'COLASAY','060804',61),
 (627,'HUABAL','060805',61),
 (628,'LAS PIRIAS','060806',61),
 (629,'POMAHUACA','060807',61),
 (630,'PUCARA','060808',61),
 (631,'SALLIQUE','060809',61),
 (632,'SAN FELIPE','060810',61),
 (633,'SAN JOSE DEL ALTO','060811',61),
 (634,'SANTA ROSA','060812',61),
 (635,'SAN IGNACIO','060901',62),
 (636,'CHIRINOS','060902',62),
 (637,'HUARANGO','060903',62),
 (638,'LA COIPA','060904',62),
 (639,'NAMBALLE','060905',62),
 (640,'SAN JOSE DE LOURDES','060906',62),
 (641,'TABACONAS','060907',62),
 (642,'PEDRO GALVEZ','061001',63),
 (643,'CHANCAY','061002',63),
 (644,'EDUARDO VILLANUEVA','061003',63),
 (645,'GREGORIO PITA','061004',63),
 (646,'ICHOCAN','061005',63),
 (647,'JOSE MANUEL QUIROZ','061006',63),
 (648,'JOSE SABOGAL','061007',63),
 (649,'SAN MIGUEL','061101',64),
 (650,'BOLIVAR','061102',64),
 (651,'CALQUIS','061103',64),
 (652,'CATILLUC','061104',64),
 (653,'EL PRADO','061105',64),
 (654,'LA FLORIDA','061106',64),
 (655,'LLAPA','061107',64),
 (656,'NANCHOC','061108',64),
 (657,'NIEPOS','061109',64),
 (658,'SAN GREGORIO','061110',64),
 (659,'SAN SILVESTRE DE COCHAN','061111',64),
 (660,'TONGOD','061112',64),
 (661,'UNION AGUA BLANCA','061113',64),
 (662,'SAN PABLO','061201',65),
 (663,'SAN BERNARDINO','061202',65),
 (664,'SAN LUIS','061203',65),
 (665,'TUMBADEN','061204',65),
 (666,'SANTA CRUZ','061301',66),
 (667,'ANDABAMBA','061302',66),
 (668,'CATACHE','061303',66),
 (669,'CHANCAYBANOS','061304',66),
 (670,'LA ESPERANZA','061305',66),
 (671,'NINABAMBA','061306',66),
 (672,'PULAN','061307',66),
 (673,'SAUCEPAMPA','061308',66),
 (674,'SEXI','061309',66),
 (675,'UTICYACU','061310',66),
 (676,'YAUYUCAN','061311',66),
 (677,'CALLAO','070101',67),
 (678,'BELLAVISTA','070102',67),
 (679,'CARMEN DE LA LEGUA REYNOSO','070103',67),
 (680,'LA PERLA','070104',67),
 (681,'LA PUNTA','070105',67),
 (682,'VENTANILLA','070106',67),
 (683,'CALLAO-2','070197',67),
 (684,'CUSCO','080101',68),
 (685,'CCORCA','080102',68),
 (686,'POROY','080103',68),
 (687,'SAN JERONIMO','080104',68),
 (688,'SAN SEBASTIAN','080105',68),
 (689,'SANTIAGO','080106',68),
 (690,'SAYLLA','080107',68),
 (691,'XANCHAQ','080108',68),
 (692,'ACOMAYO','080201',69),
 (693,'ACOPIA','080202',69),
 (694,'ACOS','080203',69),
 (695,'MOSOC LLACTA','080204',69),
 (696,'POMACANCHI','080205',69),
 (697,'RONDOCAN','080206',69),
 (698,'SANGARARA','080207',69),
 (699,'ANTA','080301',70),
 (700,'ANCAHUASI','080302',70),
 (701,'CACHIMAYO','080303',70),
 (702,'CHINCHAYPUJIO','080304',70),
 (703,'HUAROCONDO','080305',70),
 (704,'LIMATAMBO','080306',70),
 (705,'MOLLEPATA','080307',70),
 (706,'PUCYURA','080308',70),
 (707,'ZURITE','080309',70),
 (708,'CALCA','080401',71),
 (709,'COYA','080402',71),
 (710,'LAMAY','080403',71),
 (711,'LARES','080404',71),
 (712,'PISAC','080405',71),
 (713,'SAN SALVADOR','080406',71),
 (714,'TARAY','080407',71),
 (715,'YANATILE','080408',71),
 (716,'YANAOCA','080501',72),
 (717,'CHECCA','080502',72),
 (718,'KUNTURKANKI','080503',72),
 (719,'LANGUI','080504',72),
 (720,'LAYO','080505',72),
 (721,'PAMPAMARCA','080506',72),
 (722,'QUEHUE','080507',72),
 (723,'TUPAC AMARU','080508',72),
 (724,'SICUANI','080601',73),
 (725,'CHECACUPE','080602',73),
 (726,'COMBAPATA','080603',73),
 (727,'MARANGANI','080604',73),
 (728,'PITUMARCA','080605',73),
 (729,'SAN PABLO','080606',73),
 (730,'SAN PEDRO','080607',73),
 (731,'TINTA','080608',73),
 (732,'SANTO TOMAS','080701',74),
 (733,'CAPACMARCA','080702',74),
 (734,'CHAMACA','080703',74),
 (735,'COLQUEMARCA','080704',74),
 (736,'LIVITACA','080705',74),
 (737,'LLUSCO','080706',74),
 (738,'QUI OTA','080707',74),
 (739,'VELILLE','080708',74),
 (740,'ESPINAR','080801',75),
 (741,'CONDOROMA','080802',75),
 (742,'COPORAQUE','080803',75),
 (743,'OCORURO','080804',75),
 (744,'PALLPATA','080805',75),
 (745,'PICHIGUA','080806',75),
 (746,'SUYCKUTAMBO','080807',75),
 (747,'ALTO PICHIGUA','080808',75),
 (748,'SANTA ANA','080901',76),
 (749,'ECHARATE','080902',76),
 (750,'HUAYOPATA','080903',76),
 (751,'MARANURA','080904',76),
 (752,'OCOBAMBA','080905',76),
 (753,'QUELLOUNO','080906',76),
 (754,'QUIMBIRI','080907',76),
 (755,'SANTA TERESA','080908',76),
 (756,'VILCABAMBA','080909',76),
 (757,'PICHARI','080910',76),
 (758,'PARURO','081001',77),
 (759,'ACCHA','081002',77),
 (760,'CCAPI','081003',77),
 (761,'COLCHA','081004',77),
 (762,'HUANOQUITE','081005',77),
 (763,'OMACHA','081006',77),
 (764,'PACCARITAMBO','081007',77),
 (765,'PILLPINTO','081008',77),
 (766,'YAURISQUE','081009',77),
 (767,'PAUCARTAMBO','081101',78),
 (768,'CAICAY','081102',78),
 (769,'CHALLABAMBA','081103',78),
 (770,'COLQUEPATA','081104',78),
 (771,'HUANCARANI','081105',78),
 (772,'KOSNIPATA','081106',78),
 (773,'URCOS','081201',79),
 (774,'ANDAHUAYLILLAS','081202',79),
 (775,'CAMANTI','081203',79),
 (776,'CCARHUAYO','081204',79),
 (777,'CCATCA','081205',79),
 (778,'CUSIPATA','081206',79),
 (779,'HUARO','081207',79),
 (780,'LUCRE','081208',79),
 (781,'MARCAPATA','081209',79),
 (782,'OCONGATE','081210',79),
 (783,'OROPESA','081211',79),
 (784,'QUIQUIJANA','081212',79),
 (785,'URUBAMBA','081301',80),
 (786,'CHINCHERO','081302',80),
 (787,'HUAYLLABAMBA','081303',80),
 (788,'MACHUPICCHU','081304',80),
 (789,'MARAS','081305',80),
 (790,'OLLANTAYTAMBO','081306',80),
 (791,'YUCAY','081307',80),
 (792,'HUANCAVELICA','090101',81),
 (793,'ACOBAMBILLA','090102',81),
 (794,'ACORIA','090103',81),
 (795,'CONAYCA','090104',81),
 (796,'CUENCA','090105',81),
 (797,'HUACHOCOLPA','090106',81),
 (798,'HUAYLLAHUARA','090107',81),
 (799,'IZCUCHACA','090108',81),
 (800,'LARIA','090109',81),
 (801,'MANTA','090110',81),
 (802,'MARISCAL CACERES','090111',81),
 (803,'MOYA','090112',81),
 (804,'NUEVO OCCORO','090113',81),
 (805,'PALCA','090114',81),
 (806,'PILCHACA','090115',81),
 (807,'VILCA','090116',81),
 (808,'YAULI','090117',81),
 (809,'ASCENSION','090118',81),
 (810,'HUANDO','090119',81),
 (811,'ACOBAMBA','090201',82),
 (812,'ANDABAMBA','090202',82),
 (813,'ANTA','090203',82),
 (814,'CAJA','090204',82),
 (815,'MARCAS','090205',82),
 (816,'PAUCARA','090206',82),
 (817,'POMACOCHA','090207',82),
 (818,'ROSARIO','090208',82),
 (819,'LIRCAY','090301',83),
 (820,'ANCHONGA','090302',83),
 (821,'CALLANMARCA','090303',83),
 (822,'CCOCHACCASA','090304',83),
 (823,'CHINCHO','090305',83),
 (824,'CONGALLA','090306',83),
 (825,'HUANCA-HUANCA','090307',83),
 (826,'HUAYLLAY GRANDE','090308',83),
 (827,'JULCAMARCA','090309',83),
 (828,'SAN ANTONIO DE ANTAPARCO','090310',83),
 (829,'SANTO TOMAS DE PATA','090311',83),
 (830,'SECCLLA','090312',83),
 (831,'CASTROVIRREYNA','090401',84),
 (832,'ARMA','090402',84),
 (833,'AURAHUA','090403',84),
 (834,'CAPILLAS','090404',84),
 (835,'CHUPAMARCA','090405',84),
 (836,'COCAS','090406',84),
 (837,'HUACHOS','090407',84),
 (838,'HUAMATAMBO','090408',84),
 (839,'MOLLEPAMPA','090409',84),
 (840,'SAN JUAN','090410',84),
 (841,'SANTA ANA','090411',84),
 (842,'TANTARA','090412',84),
 (843,'TICRAPO','090413',84),
 (844,'CHURCAMPA','090501',85),
 (845,'ANCO','090502',85),
 (846,'CHINCHIHUASI','090503',85),
 (847,'EL CARMEN','090504',85),
 (848,'LA MERCED','090505',85),
 (849,'LOCROJA','090506',85),
 (850,'PAUCARBAMBA','090507',85),
 (851,'SAN MIGUEL DE MAYOCC','090508',85),
 (852,'SAN PEDRO DE CORIS','090509',85),
 (853,'PACHAMARCA','090510',85),
 (854,'HUAYTARA','090601',86),
 (855,'AYAVI','090602',86),
 (856,'CORDOVA','090603',86),
 (857,'HUAYACUNDO ARMA','090604',86),
 (858,'LARAMARCA','090605',86),
 (859,'OCOYO','090606',86),
 (860,'PILPICHACA','090607',86),
 (861,'QUERCO','090608',86),
 (862,'QUITO-ARMA','090609',86),
 (863,'SAN ANTONIO DE CUSICANCHA','090610',86),
 (864,'SAN FRANCISCO DE SANGAYAICO','090611',86),
 (865,'SAN ISIDRO','090612',86),
 (866,'SANTIAGO DE CHOCORVOS','090613',86),
 (867,'SANTIAGO DE QUIRAHUARA','090614',86),
 (868,'SANTO DOMINGO DE CAPILLAS','090615',86),
 (869,'TAMBO','090616',86),
 (870,'PAMPAS','090701',87),
 (871,'ACOSTAMBO','090702',87),
 (872,'ACRAQUIA','090703',87),
 (873,'AHUAYCHA','090704',87),
 (874,'COLCABAMBA','090705',87),
 (875,'DANIEL HERNANDEZ','090706',87),
 (876,'HUACHOCOLPA','090707',87),
 (877,'HUANDO','090708',87),
 (878,'HUARIBAMBA','090709',87),
 (879,'NAHUIMPUQUIO','090710',87),
 (880,'PAZOS','090711',87),
 (881,'PACHAMARCA','090712',87),
 (882,'QUISHUAR','090713',87),
 (883,'SALCABAMBA','090714',87),
 (884,'SALCAHUASI','090715',87),
 (885,'SAN MARCOS DE ROCCHAC','090716',87),
 (886,'SURCUBAMBA','090717',87),
 (887,'TINTAY PUNCU','090718',87),
 (888,'HUANUCO','100101',88),
 (889,'AMARILIS','100102',88),
 (890,'CHINCHAO','100103',88),
 (891,'CHURUBAMBA','100104',88),
 (892,'MARGOS','100105',88),
 (893,'QUISQUI','100106',88),
 (894,'SAN FRANCISCO DE CAYRAN','100107',88),
 (895,'SAN PEDRO DE CHAULAN','100108',88),
 (896,'SANTA MARIA DEL VALLE','100109',88),
 (897,'YARUMAYO','100110',88),
 (898,'PILLCO MARCA','100111',88),
 (899,'AMBO','100201',89),
 (900,'CAYNA','100202',89),
 (901,'COLPAS','100203',89),
 (902,'CONCHAMARCA','100204',89),
 (903,'HUACAR','100205',89),
 (904,'SAN FRANCISCO','100206',89),
 (905,'SAN RAFAEL','100207',89),
 (906,'TOMAY KICHXA','100208',89),
 (907,'LA UNION','100301',90),
 (908,'APARICIO POMARES','100302',90),
 (909,'CHUQUIS','100307',90),
 (910,'MARIAS','100311',90),
 (911,'PACHAS','100313',90),
 (912,'QUIVILLA','100316',90),
 (913,'RIPAN','100317',90),
 (914,'SHUNQUI','100321',90),
 (915,'SILLAPATA','100322',90),
 (916,'YANAS','100323',90),
 (917,'HUACAYBAMBA','100401',91),
 (918,'CANCHABAMBA','100402',91),
 (919,'COCHABAMBA','100403',91),
 (920,'PINRA','100404',91),
 (921,'LLATA','100501',92),
 (922,'ARANCAY','100502',92),
 (923,'CHAVIN DE PARIARCA','100503',92),
 (924,'JACAS GRANDE','100504',92),
 (925,'JIRCAN','100505',92),
 (926,'MIRAFLORES','100506',92),
 (927,'MONZON','100507',92),
 (928,'PUNCHAO','100508',92),
 (929,'PU OS','100509',92),
 (930,'SINGA','100510',92),
 (931,'TANTAMAYO','100511',92),
 (932,'RUPA-RUPA','100601',93),
 (933,'DANIEL ALOMIAS ROBLES','100602',93),
 (934,'HERMILIO VALDIZAN','100603',93),
 (935,'JOSE CRESPO Y CASTILLO','100604',93),
 (936,'LUYANDO','100605',93),
 (937,'MARIANO DAMASO BERAUN','100606',93),
 (938,'HUACRACHUCO','100701',94),
 (939,'CHOLON','100702',94),
 (940,'SAN BUENAVENTURA','100703',94),
 (941,'PANAO','100801',95),
 (942,'CHAGLLA','100802',95),
 (943,'MOLINO','100803',95),
 (944,'UMARI','100804',95),
 (945,'PUERTO INCA','100901',96),
 (946,'CODO DEL POZUZO','100902',96),
 (947,'HONORIA','100903',96),
 (948,'TOURNAVISTA','100904',96),
 (949,'YUYAPICHIS','100905',96),
 (950,'JESUS','101001',97),
 (951,'BANOS','101002',97),
 (952,'JIVIA','101003',97),
 (953,'QUEROPALCA','101004',97),
 (954,'RONDOS','101005',97),
 (955,'SAN FRANCISCO DE ASIS','101006',97),
 (956,'SAN MIGUEL DE CAURI','101007',97),
 (957,'CHAVINILLO','101101',98),
 (958,'CAHUAC','101102',98),
 (959,'CHACABAMBA','101103',98),
 (960,'CHUPAN','101104',98),
 (961,'JACAS CHICO','101105',98),
 (962,'OBAS','101106',98),
 (963,'PAMPAMARCA','101107',98),
 (964,'CHORAS','101108',98),
 (965,'ICA','110101',99),
 (966,'LA TINGUI A','110102',99),
 (967,'LOS AQUIJES','110103',99),
 (968,'OCUCAJE','110104',99),
 (969,'PACHACUTEC','110105',99),
 (970,'PARCONA','110106',99),
 (971,'PUEBLO NUEVO','110107',99),
 (972,'SALAS','110108',99),
 (973,'SAN JOSE DE LOS MOLINOS','110109',99),
 (974,'SAN JUAN BAUTISTA','110110',99),
 (975,'SANTIAGO','110111',99),
 (976,'SUBTANJALLA','110112',99),
 (977,'TATE','110113',99),
 (978,'YAUCA DEL ROSARIO','110114',99),
 (979,'CHINCHA ALTA','110201',100),
 (980,'ALTO LARAN','110202',100),
 (981,'CHAVIN','110203',100),
 (982,'CHINCHA BAJA','110204',100),
 (983,'EL CARMEN','110205',100),
 (984,'GROCIO PRADO','110206',100),
 (985,'PUEBLO NUEVO','110207',100),
 (986,'SAN JUAN DE YANAC','110208',100),
 (987,'SAN PEDRO DE HUACARPANA','110209',100),
 (988,'SUNAMPE','110210',100),
 (989,'TAMBO DE MORA','110211',100),
 (990,'NAZCA','110301',101),
 (991,'CHANGUILLO','110302',101),
 (992,'EL INGENIO','110303',101),
 (993,'MARCONA','110304',101),
 (994,'VISTA ALEGRE','110305',101),
 (995,'PALPA','110401',102),
 (996,'LLIPATA','110402',102),
 (997,'RIO GRANDE','110403',102),
 (998,'SANTA CRUZ','110404',102),
 (999,'TIBILLO','110405',102),
 (1000,'PISCO','110501',103),
 (1001,'HUANCANO','110502',103),
 (1002,'HUMAY','110503',103),
 (1003,'INDEPENDENCIA','110504',103),
 (1004,'PARACAS','110505',103),
 (1005,'SAN ANDRES','110506',103),
 (1006,'SAN CLEMENTE','110507',103),
 (1007,'TUPAC AMARU INCA','110508',103),
 (1008,'HUANCAYO','120101',104),
 (1009,'CARHUACALLANGA','120104',104),
 (1010,'CHACAPAMPA','120105',104),
 (1011,'CHICCHE','120106',104),
 (1012,'CHILCA','120107',104),
 (1013,'CHONGOS ALTOS','120108',104),
 (1014,'CHUPURO','120111',104),
 (1015,'COLCA','120112',104),
 (1016,'CULLHUAS','120113',104),
 (1017,'EL TAMBO','120114',104),
 (1018,'HUACRAPUQUIO','120116',104),
 (1019,'HUALHUAS','120117',104),
 (1020,'HUANCAN','120119',104),
 (1021,'HUASICANCHA','120120',104),
 (1022,'HUAYUCACHI','120121',104),
 (1023,'INGENIO','120122',104),
 (1024,'PARIAHUANCA','120124',104),
 (1025,'PILCOMAYO','120125',104),
 (1026,'PUCARA','120126',104),
 (1027,'QUICHUAY','120127',104),
 (1028,'QUILCAS','120128',104),
 (1029,'SAN AGUSTIN','120129',104),
 (1030,'SAN JERONIMO DE TUNAN','120130',104),
 (1031,'SA O','120132',104),
 (1032,'SAPALLANGA','120133',104),
 (1033,'SICAYA','120134',104),
 (1034,'SANTO DOMINGO DE ACOBAMBA','120135',104),
 (1035,'VIQUES','120136',104),
 (1036,'CONCEPCION','120201',105),
 (1037,'ACO','120202',105),
 (1038,'ANDAMARCA','120203',105),
 (1039,'CHAMBARA','120204',105),
 (1040,'COCHAS','120205',105),
 (1041,'COMAS','120206',105),
 (1042,'HEROINAS TOLEDO','120207',105),
 (1043,'MANZANARES','120208',105),
 (1044,'MARISCAL CASTILLA','120209',105),
 (1045,'MATAHUASI','120210',105),
 (1046,'MITO','120211',105),
 (1047,'NUEVE DE JULIO','120212',105),
 (1048,'ORCOTUNA','120213',105),
 (1049,'SAN JOSE DE QUERO','120214',105),
 (1050,'SANTA ROSA DE OCOPA','120215',105),
 (1051,'CHANCHAMAYO','120301',106),
 (1052,'PERENE','120302',106),
 (1053,'PICHANAQUI','120303',106),
 (1054,'SAN LUIS DE SHUARO','120304',106),
 (1055,'SAN RAMON','120305',106),
 (1056,'VITOC','120306',106),
 (1057,'JAUJA','120401',107),
 (1058,'ACOLLA','120402',107),
 (1059,'APATA','120403',107),
 (1060,'ATAURA','120404',107),
 (1061,'CANCHAYLLO','120405',107),
 (1062,'CURICACA','120406',107),
 (1063,'EL MANTARO','120407',107),
 (1064,'HUAMALI','120408',107),
 (1065,'HUARIPAMPA','120409',107),
 (1066,'HUERTAS','120410',107),
 (1067,'JANJAILLO','120411',107),
 (1068,'JULCAN','120412',107),
 (1069,'LEONOR ORDO EZ','120413',107),
 (1070,'LLOCLLAPAMPA','120414',107),
 (1071,'MARCO','120415',107),
 (1072,'MASMA','120416',107),
 (1073,'MASMA CHICCHE','120417',107),
 (1074,'MOLINOS','120418',107),
 (1075,'MONOBAMBA','120419',107),
 (1076,'MUQUI','120420',107),
 (1077,'MUQUIYAUYO','120421',107),
 (1078,'PACA','120422',107),
 (1079,'PACCHA','120423',107),
 (1080,'PANCAN','120424',107),
 (1081,'PARCO','120425',107),
 (1082,'POMACANCHA','120426',107),
 (1083,'RICRAN','120427',107),
 (1084,'SAN LORENZO','120428',107),
 (1085,'SAN PEDRO DE CHUNAN','120429',107),
 (1086,'SAUSA','120430',107),
 (1087,'SINCOS','120431',107),
 (1088,'TUNAN MARCA','120432',107),
 (1089,'YAULI','120433',107),
 (1090,'YAUYOS','120434',107),
 (1091,'JUNIN','120501',108),
 (1092,'CARHUAMAYO','120502',108),
 (1093,'ONDORES','120503',108),
 (1094,'ULCUMAYO','120504',108),
 (1095,'SATIPO','120601',109),
 (1096,'COVIRIALI','120602',109),
 (1097,'LLAYLLA','120603',109),
 (1098,'MAZAMARI','120604',109),
 (1099,'PAMPA HERMOSA','120605',109),
 (1100,'PANGOA','120606',109),
 (1101,'RIO NEGRO','120607',109),
 (1102,'RIO TAMBO','120608',109),
 (1103,'MAZAMARI-PANGOA','120699',109),
 (1104,'TARMA','120701',110),
 (1105,'ACOBAMBA','120702',110),
 (1106,'HUARICOLCA','120703',110),
 (1107,'HUASAHUASI','120704',110),
 (1108,'LA UNION','120705',110),
 (1109,'PALCA','120706',110),
 (1110,'PALCAMAYO','120707',110),
 (1111,'SAN PEDRO DE CAJAS','120708',110),
 (1112,'TAPO','120709',110),
 (1113,'LA OROYA','120801',111),
 (1114,'CHACAPALPA','120802',111),
 (1115,'HUAY-HUAY','120803',111),
 (1116,'MARCAPOMACOCHA','120804',111),
 (1117,'MOROCOCHA','120805',111),
 (1118,'PACCHA','120806',111),
 (1119,'SANTA BARBARA DE CARHUACAY','120807',111),
 (1120,'SANTA ROSA DE SACCO','120808',111),
 (1121,'SUITUCANCHA','120809',111),
 (1122,'YAULI','120810',111),
 (1123,'CHUPACA','120901',112),
 (1124,'AHUAC','120902',112),
 (1125,'CHONGOS BAJO','120903',112),
 (1126,'HUACHAC','120904',112),
 (1127,'HUAMANCACA CHICO','120905',112),
 (1128,'SAN JUAN DE ISCOS','120906',112),
 (1129,'SAN JUAN DE JARPA','120907',112),
 (1130,'TRES DE DICIEMBRE','120908',112),
 (1131,'YANACANCHA','120909',112),
 (1132,'TRUJILLO','130101',113),
 (1133,'EL PORVENIR','130102',113),
 (1134,'FLORENCIA DE MORA','130103',113),
 (1135,'HUANCHACO','130104',113),
 (1136,'LA ESPERANZA','130105',113),
 (1137,'LAREDO','130106',113),
 (1138,'MOCHE','130107',113),
 (1139,'POROTO','130108',113),
 (1140,'SALAVERRY','130109',113),
 (1141,'SIMBAL','130110',113),
 (1142,'VICTOR LARCO HERRERA','130111',113),
 (1143,'ASCOPE','130201',114),
 (1144,'CHICAMA','130202',114),
 (1145,'CHOCOPE','130203',114),
 (1146,'MAGDALENA DE CAO','130204',114),
 (1147,'PAIJAN','130205',114),
 (1148,'RAZURI','130206',114),
 (1149,'SANTIAGO DE CAO','130207',114),
 (1150,'CASA GRANDE','130208',114),
 (1151,'BOLIVAR','130301',115),
 (1152,'BAMBAMARCA','130302',115),
 (1153,'CONDORMARCA','130303',115),
 (1154,'LONGOTEA','130304',115),
 (1155,'UCHUMARCA','130305',115),
 (1156,'UCUNCHA','130306',115),
 (1157,'CHEPEN','130401',116),
 (1158,'PACANGA','130402',116),
 (1159,'PUEBLO NUEVO','130403',116),
 (1160,'JULCAN','130501',117),
 (1161,'CALAMARCA','130502',117),
 (1162,'CARABAMBA','130503',117),
 (1163,'HUASO','130504',117),
 (1164,'OTUZCO','130601',118),
 (1165,'AGALLPAMPA','130602',118),
 (1166,'CHARAT','130604',118),
 (1167,'HUARANCHAL','130605',118),
 (1168,'LA CUESTA','130606',118),
 (1169,'MACHE','130608',118),
 (1170,'PARANDAY','130610',118),
 (1171,'SALPO','130611',118),
 (1172,'SINSICAP','130613',118),
 (1173,'USQUIL','130614',118),
 (1174,'SAN PEDRO DE LLOC','130701',119),
 (1175,'GUADALUPE','130702',119),
 (1176,'JEQUETEPEQUE','130703',119),
 (1177,'PACASMAYO','130704',119),
 (1178,'SAN JOSE','130705',119),
 (1179,'TAYABAMBA','130801',120),
 (1180,'BULDIBUYO','130802',120),
 (1181,'CHILLIA','130803',120),
 (1182,'HUANCASPATA','130804',120),
 (1183,'HUAYLILLAS','130805',120),
 (1184,'HUAYO','130806',120),
 (1185,'ONGON','130807',120),
 (1186,'PARCOY','130808',120),
 (1187,'PATAZ','130809',120),
 (1188,'PIAS','130810',120),
 (1189,'SANTIAGO DE CHALLAS','130811',120),
 (1190,'TAURIJA','130812',120),
 (1191,'URPAY','130813',120),
 (1192,'HUAMACHUCO','130901',121),
 (1193,'CHUGAY','130902',121),
 (1194,'COCHORCO','130903',121),
 (1195,'CURGOS','130904',121),
 (1196,'MARCABAL','130905',121),
 (1197,'SANAGORAN','130906',121),
 (1198,'SARIN','130907',121),
 (1199,'SARTIMBAMBA','130908',121),
 (1200,'SANTIAGO DE CHUCO','131001',122),
 (1201,'ANGASMARCA','131002',122),
 (1202,'CACHICADAN','131003',122),
 (1203,'MOLLEBAMBA','131004',122),
 (1204,'MOLLEPATA','131005',122),
 (1205,'QUIRUVILCA','131006',122),
 (1206,'SANTA CRUZ DE CHUCA','131007',122),
 (1207,'SITABAMBA','131008',122),
 (1208,'CASCAS','131101',123),
 (1209,'LUCMA','131102',123),
 (1210,'MARMOT','131103',123),
 (1211,'SAYAPULLO','131104',123),
 (1212,'VIRU','131201',124),
 (1213,'CHAO','131202',124),
 (1214,'GUADALUPITO','131203',124),
 (1215,'CHICLAYO','140101',125),
 (1216,'CHONGOYAPE','140102',125),
 (1217,'ETEN','140103',125),
 (1218,'ETEN PUERTO','140104',125),
 (1219,'JOSE LEONARDO ORTIZ','140105',125),
 (1220,'LA VICTORIA','140106',125),
 (1221,'LAGUNAS','140107',125),
 (1222,'MONSEFU','140108',125),
 (1223,'NUEVA ARICA','140109',125),
 (1224,'OYOTUN','140110',125),
 (1225,'PICSI','140111',125),
 (1226,'PIMENTEL','140112',125),
 (1227,'REQUE','140113',125),
 (1228,'SANTA ROSA','140114',125),
 (1229,'SA A','140115',125),
 (1230,'CAYALTI','140116',125),
 (1231,'PATAPO','140117',125),
 (1232,'POMALCA','140118',125),
 (1233,'PUCALA','140119',125),
 (1234,'TUMAN','140120',125),
 (1235,'FERRE AFE','140201',126),
 (1236,'CA ARIS','140202',126),
 (1237,'INCAHUASI','140203',126),
 (1238,'MANUEL ANTONIO MESONES MURO','140204',126),
 (1239,'PITIPO','140205',126),
 (1240,'PUEBLO NUEVO','140206',126),
 (1241,'LAMBAYEQUE','140301',127),
 (1242,'CHOCHOPE','140302',127),
 (1243,'ILLIMO','140303',127),
 (1244,'JAYANCA','140304',127),
 (1245,'MOCHUMI','140305',127),
 (1246,'MORROPE','140306',127),
 (1247,'MOTUPE','140307',127),
 (1248,'OLMOS','140308',127),
 (1249,'PACORA','140309',127),
 (1250,'SALAS','140310',127),
 (1251,'SAN JOSE','140311',127),
 (1252,'TUCUME','140312',127),
 (1253,'LIMA','150101',128),
 (1254,'ANCON','150102',128),
 (1255,'ATE','150103',128),
 (1256,'BARRANCO','150104',128),
 (1257,'BRE A','150105',128),
 (1258,'CARABAYLLO','150106',128),
 (1259,'CHACLACAYO','150107',128),
 (1260,'CHORRILLOS','150108',128),
 (1261,'CIENEGUILLA','150109',128),
 (1262,'COMAS','150110',128),
 (1263,'EL AGUSTINO','150111',128),
 (1264,'INDEPENDENCIA','150112',128),
 (1265,'JESUS MARIA','150113',128),
 (1266,'LA MOLINA','150114',128),
 (1267,'LA VICTORIA','150115',128),
 (1268,'LINCE','150116',128),
 (1269,'LOS OLIVOS','150117',128),
 (1270,'LURIGANCHO','150118',128),
 (1271,'LURIN','150119',128),
 (1272,'MAGDALENA DEL MAR','150120',128),
 (1273,'PUEBLO LIBRE','150121',128),
 (1274,'MIRAFLORES','150122',128),
 (1275,'PACHACAMAC','150123',128),
 (1276,'PUCUSANA','150124',128),
 (1277,'PUENTE PIEDRA','150125',128),
 (1278,'PUNTA HERMOSA','150126',128),
 (1279,'PUNTA NEGRA','150127',128),
 (1280,'RIMAC','150128',128),
 (1281,'SAN BARTOLO','150129',128),
 (1282,'SAN BORJA','150130',128),
 (1283,'SAN ISIDRO','150131',128),
 (1284,'SAN JUAN DE LURIGANCHO','150132',128),
 (1285,'SAN JUAN DE MIRAFLORES','150133',128),
 (1286,'SAN LUIS','150134',128),
 (1287,'SAN MARTIN DE PORRES','150135',128),
 (1288,'SAN MIGUEL','150136',128),
 (1289,'SANTA ANITA','150137',128),
 (1290,'SANTA MARIA DEL MAR','150138',128),
 (1291,'SANTA ROSA','150139',128),
 (1292,'SANTIAGO DE SURCO','150140',128),
 (1293,'SURQUILLO','150141',128),
 (1294,'VILLA EL SALVADOR','150142',128),
 (1295,'VILLA MARIA DEL TRIUNFO','150143',128),
 (1296,'ATE II (Cambiar a 150103)','150180',128),
 (1297,'SAN BORJA II','150181',128),
 (1298,'SAN JUAN DE LURIG.II','150182',128),
 (1299,'SAN JUAN DE LURIG.III','150183',128),
 (1300,'SAN MARTIN DE P. II','150184',128),
 (1301,'LIMA (INDUSTRIAL)','150185',128),
 (1302,'LIMA (CERCADO)','150186',128),
 (1303,'LIMA (SANTA BEATRIZ)','150187',128),
 (1304,'LIMA (BARRIOS ALTOS)','150188',128),
 (1305,'STGO. DE SURCO II','150189',128),
 (1306,'STGO. DE SURCO III','150190',128),
 (1307,'BARRANCA','150201',129),
 (1308,'PARAMONGA','150202',129),
 (1309,'PATIVILCA','150203',129),
 (1310,'SUPE','150204',129),
 (1311,'SUPE PUERTO','150205',129),
 (1312,'CAJATAMBO','150301',130),
 (1313,'COPA','150302',130),
 (1314,'GORGOR','150303',130),
 (1315,'HUANCAPON','150304',130),
 (1316,'MANAS','150305',130),
 (1317,'CANTA','150401',131),
 (1318,'ARAHUAY','150402',131),
 (1319,'HUAMANTANGA','150403',131),
 (1320,'HUAROS','150404',131),
 (1321,'LACHAQUI','150405',131),
 (1322,'SAN BUENAVENTURA','150406',131),
 (1323,'SANTA ROSA DE QUIVES','150407',131),
 (1324,'SAN VICENTE DE CA ETE','150501',132),
 (1325,'ASIA','150502',132),
 (1326,'CALANGO','150503',132),
 (1327,'CERRO AZUL','150504',132),
 (1328,'CHILCA','150505',132),
 (1329,'COAYLLO','150506',132),
 (1330,'IMPERIAL','150507',132),
 (1331,'LUNAHUANA','150508',132),
 (1332,'MALA','150509',132),
 (1333,'NUEVO IMPERIAL','150510',132),
 (1334,'PACARAN','150511',132),
 (1335,'QUILMANA','150512',132),
 (1336,'SAN ANTONIO','150513',132),
 (1337,'SAN LUIS','150514',132),
 (1338,'SANTA CRUZ DE FLORES','150515',132),
 (1339,'ZU IGA','150516',132),
 (1340,'HUARAL','150601',133),
 (1341,'ATAVILLOS ALTO','150602',133),
 (1342,'ATAVILLOS BAJO','150603',133),
 (1343,'AUCALLAMA','150604',133),
 (1344,'CHANCAY','150605',133),
 (1345,'IHUARI','150606',133),
 (1346,'LAMPIAN','150607',133),
 (1347,'PACARAOS','150608',133),
 (1348,'SAN MIGUEL DE ACOS','150609',133),
 (1349,'SANTA CRUZ DE ANDAMARCA','150610',133),
 (1350,'SUMBILCA','150611',133),
 (1351,'VEINTISIETE DE NOVIEMBRE','150612',133),
 (1352,'MATUCANA','150701',134),
 (1353,'ANTIOQUIA','150702',134),
 (1354,'CALLAHUANCA','150703',134),
 (1355,'CARAMPOMA','150704',134),
 (1356,'CHICLA','150705',134),
 (1357,'CUENCA','150706',134),
 (1358,'HUACHUPAMPA','150707',134),
 (1359,'HUANZA','150708',134),
 (1360,'HUAROCHIRI','150709',134),
 (1361,'LAHUAYTAMBO','150710',134),
 (1362,'LANGA','150711',134),
 (1363,'LARAOS','150712',134),
 (1364,'MARIATANA','150713',134),
 (1365,'RICARDO PALMA','150714',134),
 (1366,'SAN ANDRES DE TUPICOCHA','150715',134),
 (1367,'SAN ANTONIO','150716',134),
 (1368,'SAN BARTOLOME','150717',134),
 (1369,'SAN DAMIAN','150718',134),
 (1370,'SAN JUAN DE IRIS','150719',134),
 (1371,'SAN JUAN DE TANTARANCHE','150720',134),
 (1372,'SAN LORENZO DE QUINTI','150721',134),
 (1373,'SAN MATEO','150722',134),
 (1374,'SAN MATEO DE OTAO','150723',134),
 (1375,'SAN PEDRO DE CASTA','150724',134),
 (1376,'SAN PEDRO DE HUANCAYRE','150725',134),
 (1377,'SANGALLAYA','150726',134),
 (1378,'SANTA CRUZ DE COCACHACRA','150727',134),
 (1379,'SANTA EULALIA','150728',134),
 (1380,'SANTIAGO DE ANCHUCAYA','150729',134),
 (1381,'SANTIAGO DE TUNA','150730',134),
 (1382,'SANTO DOMINGO DE LOS OLLEROS','150731',134),
 (1383,'SURCO','150732',134),
 (1384,'HUACHO','150801',135),
 (1385,'AMBAR','150802',135),
 (1386,'CALETA DE CARQUIN','150803',135),
 (1387,'CHECRAS','150804',135),
 (1388,'HUALMAY','150805',135),
 (1389,'HUAURA','150806',135),
 (1390,'LEONCIO PRADO','150807',135),
 (1391,'PACCHO','150808',135),
 (1392,'SANTA LEONOR','150809',135),
 (1393,'SANTA MARIA','150810',135),
 (1394,'SAYAN','150811',135),
 (1395,'VEGUETA','150812',135),
 (1396,'OYON','150901',136),
 (1397,'ANDAJES','150902',136),
 (1398,'CAUJUL','150903',136),
 (1399,'COCHAMARCA','150904',136),
 (1400,'NAVAN','150905',136),
 (1401,'PACHANGARA','150906',136),
 (1402,'YAUYOS','151001',137),
 (1403,'ALIS','151002',137),
 (1404,'AYAUCA','151003',137),
 (1405,'AYAVIRI','151004',137),
 (1406,'AZANGARO','151005',137),
 (1407,'CACRA','151006',137),
 (1408,'CARANIA','151007',137),
 (1409,'CATAHUASI','151008',137),
 (1410,'CHOCOS','151009',137),
 (1411,'COCHAS','151010',137),
 (1412,'COLONIA','151011',137),
 (1413,'HONGOS','151012',137),
 (1414,'HUAMPARA','151013',137),
 (1415,'HUANCAYA','151014',137),
 (1416,'HUANGASCAR','151015',137),
 (1417,'HUANTAN','151016',137),
 (1418,'HUATEC','151017',137),
 (1419,'LARAOS','151018',137),
 (1420,'LINCHA','151019',137),
 (1421,'MADEAN','151020',137),
 (1422,'MIRAFLORES','151021',137),
 (1423,'OMAS','151022',137),
 (1424,'PUTINZA','151023',137),
 (1425,'QUINCHES','151024',137),
 (1426,'QUINOCAY','151025',137),
 (1427,'SAN JOAQUIN','151026',137),
 (1428,'SAN PEDRO DE PILAS','151027',137),
 (1429,'TANTA','151028',137),
 (1430,'TAURIPAMPA','151029',137),
 (1431,'TOMAS','151030',137),
 (1432,'TUPE','151031',137),
 (1433,'VI AC','151032',137),
 (1434,'VITIS','151033',137),
 (1435,'IQUITOS','160101',138),
 (1436,'ALTO NANAY','160102',138),
 (1437,'FERNANDO LORES','160103',138),
 (1438,'INDIANA','160104',138),
 (1439,'LAS AMAZONAS','160105',138),
 (1440,'MAZAN','160106',138),
 (1441,'NAPO','160107',138),
 (1442,'PUNCHANA','160108',138),
 (1443,'PUTUMAYO','160109',138),
 (1444,'TORRES CAUSANA','160110',138),
 (1445,'YAQUERANA','160111',138),
 (1446,'BELEN','160112',138),
 (1447,'SAN JUAN BAUTISTA','160113',138),
 (1448,'TENIENTE MANUEL CLAVERO','160114',138),
 (1449,'YURIMAGUAS','160201',139),
 (1450,'BALSAPUERTO','160202',139),
 (1451,'BARRANCA','160203',139),
 (1452,'CAHUAPANAS','160204',139),
 (1453,'JEBEROS','160205',139),
 (1454,'LAGUNAS','160206',139),
 (1455,'MANSERICHE','160207',139),
 (1456,'MORONA','160208',139),
 (1457,'PASTAZA','160209',139),
 (1458,'SANTA CRUZ','160210',139),
 (1459,'TENIENTE CESAR LOPEZ ROJA','160211',139),
 (1460,'NAUTA','160301',140),
 (1461,'PARINARI','160302',140),
 (1462,'TIGRE','160303',140),
 (1463,'TROMPETEROS','160304',140),
 (1464,'URARINAS','160305',140),
 (1465,'RAMON CASTILLA','160401',141),
 (1466,'PEBAS','160402',141),
 (1467,'YAVARI','160403',141),
 (1468,'SAN PABLO','160404',141),
 (1469,'REQUENA','160501',142),
 (1470,'ALTO TAPICHE','160502',142),
 (1471,'CAPELO','160503',142),
 (1472,'EMILIO SAN MARTIN','160504',142),
 (1473,'MAQUIA','160505',142),
 (1474,'PUINAHUA','160506',142),
 (1475,'SAQUENA','160507',142),
 (1476,'SOPLIN','160508',142),
 (1477,'TAPICHE','160509',142),
 (1478,'JENARO HERRERA','160510',142),
 (1479,'YAQUERANA','160511',142),
 (1480,'CONTAMANA','160601',143),
 (1481,'INAHUAYA','160602',143),
 (1482,'PADRE MARQUEZ','160603',143),
 (1483,'PAMPA HERMOSA','160604',143),
 (1484,'SARAYACU','160605',143),
 (1485,'VARGAS GUERRA','160606',143),
 (1486,'BARRANCA','160701',144),
 (1487,'CAHUAPANAS','160702',144),
 (1488,'MANSERICHE','160703',144),
 (1489,'MORONA','160704',144),
 (1490,'PASTAZA','160705',144),
 (1491,'ANDOAS','160706',144),
 (1492,'TAMBOPATA','170101',145),
 (1493,'INAMBARI','170102',145),
 (1494,'LAS PIEDRAS','170103',145),
 (1495,'LABERINTO','170104',145),
 (1496,'MANU','170201',146),
 (1497,'FITZCARRALD','170202',146),
 (1498,'MADRE DE DIOS','170203',146),
 (1499,'HUEPETUHE','170204',146),
 (1500,'I APARI','170301',147),
 (1501,'IBERIA','170302',147),
 (1502,'TAHUAMANU','170303',147),
 (1503,'MOQUEGUA','180101',148),
 (1504,'CARUMAS','180102',148),
 (1505,'CUCHUMBAYA','180103',148),
 (1506,'SAMEGUA','180104',148),
 (1507,'SAN CRISTOBAL','180105',148),
 (1508,'TORATA','180106',148),
 (1509,'OMATE','180201',149),
 (1510,'CHOJATA','180202',149),
 (1511,'COALAQUE','180203',149),
 (1512,'ICHU A','180204',149),
 (1513,'LA CAPILLA','180205',149),
 (1514,'LLOQUE','180206',149),
 (1515,'MATALAQUE','180207',149),
 (1516,'PUQUINA','180208',149),
 (1517,'QUINISTAQUILLAS','180209',149),
 (1518,'UBINAS','180210',149),
 (1519,'YUNGA','180211',149),
 (1520,'ILO','180301',150),
 (1521,'EL ALGARROBAL','180302',150),
 (1522,'PACOCHA','180303',150),
 (1523,'CHAUPIMARCA','190101',151),
 (1524,'HUACHON','190102',151),
 (1525,'HUARIACA','190103',151),
 (1526,'HUAYLLAY','190104',151),
 (1527,'NINACACA','190105',151),
 (1528,'PALLANCHACRA','190106',151),
 (1529,'PAUCARTAMBO','190107',151),
 (1530,'SAN FCO.DE ASIS DE YARUSY','190108',151),
 (1531,'SIMON BOLIVAR','190109',151),
 (1532,'TICLACAYAN','190110',151),
 (1533,'TINYAHUARCO','190111',151),
 (1534,'VICCO','190112',151),
 (1535,'YANACANCHA','190113',151),
 (1536,'HUAYLLAY2','190141',151),
 (1537,'HUAYLLAY3','190142',151),
 (1538,'YANACANCHA2','190143',151),
 (1539,'SAN FCO.DE ASIS DE YURUSYACAN2','190144',151),
 (1540,'YANACANCHA3','190145',151),
 (1541,'YANAHUANCA','190201',152),
 (1542,'CHACAYAN','190202',152),
 (1543,'GOYLLARISQUIZGA','190203',152),
 (1544,'PAUCAR','190204',152),
 (1545,'SAN PEDRO DE PILLAO','190205',152),
 (1546,'SANTA ANA DE TUSI','190206',152),
 (1547,'TAPUC','190207',152),
 (1548,'VILCABAMBA','190208',152),
 (1549,'OXAPAMPA','190301',153),
 (1550,'CHONTABAMBA','190302',153),
 (1551,'HUANCABAMBA','190303',153),
 (1552,'PALCAZU','190304',153),
 (1553,'POZUZO','190305',153),
 (1554,'PUERTO BERMUDEZ','190306',153),
 (1555,'VILLA RICA','190307',153),
 (1556,'PIURA','200101',154),
 (1557,'CASTILLA','200104',154),
 (1558,'CATACAOS','200105',154),
 (1559,'CURA MORI','200107',154),
 (1560,'EL TALLAN','200108',154),
 (1561,'LA ARENA','200109',154),
 (1562,'LA UNION','200110',154),
 (1563,'LAS LOMAS','200111',154),
 (1564,'TAMBO GRANDE','200114',154),
 (1565,'AYABACA','200201',155),
 (1566,'FRIAS','200202',155),
 (1567,'JILILI','200203',155),
 (1568,'LAGUNAS','200204',155),
 (1569,'MONTERO','200205',155),
 (1570,'PACAIPAMPA','200206',155),
 (1571,'PAIMAS','200207',155),
 (1572,'SAPILLICA','200208',155),
 (1573,'SICCHEZ','200209',155),
 (1574,'SUYO','200210',155),
 (1575,'HUANCABAMBA','200301',156),
 (1576,'CANCHAQUE','200302',156),
 (1577,'EL CARMEN DE LA FRONTERA','200303',156),
 (1578,'HUARMACA','200304',156),
 (1579,'LALAQUIZ','200305',156),
 (1580,'SAN MIGUEL DE EL FAIQUE','200306',156),
 (1581,'SONDOR','200307',156),
 (1582,'SONDORILLO','200308',156),
 (1583,'CHULUCANAS','200401',157),
 (1584,'BUENOS AIRES','200402',157),
 (1585,'CHALACO','200403',157),
 (1586,'LA MATANZA','200404',157),
 (1587,'MORROPON','200405',157),
 (1588,'SALITRAL','200406',157),
 (1589,'SAN JUAN DE BIGOTE','200407',157),
 (1590,'SANTA CATALINA DE MOSSA','200408',157),
 (1591,'SANTO DOMINGO','200409',157),
 (1592,'YAMANGO','200410',157),
 (1593,'PAITA','200501',158),
 (1594,'AMOTAPE','200502',158),
 (1595,'ARENAL','200503',158),
 (1596,'COLAN','200504',158),
 (1597,'LA HUACA','200505',158),
 (1598,'TAMARINDO','200506',158),
 (1599,'VICHAYAL','200507',158),
 (1600,'SULLANA','200601',159),
 (1601,'BELLAVISTA','200602',159),
 (1602,'IGNACIO ESCUDERO','200603',159),
 (1603,'LANCONES','200604',159),
 (1604,'MARCAVELICA','200605',159),
 (1605,'MIGUEL CHECA','200606',159),
 (1606,'QUERECOTILLO','200607',159),
 (1607,'SALITRAL','200608',159),
 (1608,'PARI AS','200701',160),
 (1609,'EL ALTO','200702',160),
 (1610,'LA BREA','200703',160),
 (1611,'LOBITOS','200704',160),
 (1612,'LOS ORGANOS','200705',160),
 (1613,'MANCORA','200706',160),
 (1614,'SECHURA','200801',161),
 (1615,'BELLAVISTA DE LA UNION','200802',161),
 (1616,'BERNAL','200803',161),
 (1617,'CRISTO NOS VALGA','200804',161),
 (1618,'VICE','200805',161),
 (1619,'RINCONADA LLICUAR','200806',161),
 (1620,'PUNO','210101',162),
 (1621,'ACORA','210102',162),
 (1622,'AMANTANI','210103',162),
 (1623,'ATUNCOLLA','210104',162),
 (1624,'CAPACHICA','210105',162),
 (1625,'CHUCUITO','210106',162),
 (1626,'COATA','210107',162),
 (1627,'HUATA','210108',162),
 (1628,'MANAZO','210109',162),
 (1629,'PAUCARCOLLA','210110',162),
 (1630,'PICHACANI','210111',162),
 (1631,'PLATERIA','210112',162),
 (1632,'SAN ANTONIO','210113',162),
 (1633,'TIQUILLACA','210114',162),
 (1634,'VILQUE','210115',162),
 (1635,'AZANGARO','210201',163),
 (1636,'ACHAYA','210202',163),
 (1637,'ARAPA','210203',163),
 (1638,'ASILLO','210204',163),
 (1639,'CAMINACA','210205',163),
 (1640,'CHUPA','210206',163),
 (1641,'JOSE DOMINGO CHOQUEHUANCA','210207',163),
 (1642,'MU ANI','210208',163),
 (1643,'POTONI','210209',163),
 (1644,'SAMAN','210210',163),
 (1645,'SAN ANTON','210211',163),
 (1646,'SAN JOSE','210212',163),
 (1647,'SAN JUAN DE SALINAS','210213',163),
 (1648,'SANTIAGO DE PUPUJA','210214',163),
 (1649,'TIRAPATA','210215',163),
 (1650,'MACUSANI','210301',164),
 (1651,'AJOYANI','210302',164),
 (1652,'AYAPATA','210303',164),
 (1653,'COASA','210304',164),
 (1654,'CORANI','210305',164),
 (1655,'CRUCERO','210306',164),
 (1656,'ITUATA','210307',164),
 (1657,'OLLACHEA','210308',164),
 (1658,'SAN GABAN','210309',164),
 (1659,'USICAYOS','210310',164),
 (1660,'JULI','210401',165),
 (1661,'DESAGUADERO','210402',165),
 (1662,'HUACULLANI','210403',165),
 (1663,'KELLUYO','210404',165),
 (1664,'PISACOMA','210405',165),
 (1665,'POMATA','210406',165),
 (1666,'ZEPITA','210407',165),
 (1667,'ILAVE','210501',166),
 (1668,'CAPAZO','210502',166),
 (1669,'PILCUYO','210503',166),
 (1670,'SANTA ROSA','210504',166),
 (1671,'CONDURIRI','210505',166),
 (1672,'HUANCANE','210601',167),
 (1673,'COJATA','210602',167),
 (1674,'HUATASANI','210603',167),
 (1675,'INCHUPALLA','210604',167),
 (1676,'PUSI','210605',167),
 (1677,'ROSASPATA','210606',167),
 (1678,'TARACO','210607',167),
 (1679,'VILQUE CHICO','210608',167),
 (1680,'LAMPA','210701',168),
 (1681,'CABANILLA','210702',168),
 (1682,'CALAPUJA','210703',168),
 (1683,'NICASIO','210704',168),
 (1684,'OCUVIRI','210705',168),
 (1685,'PALCA','210706',168),
 (1686,'PARATIA','210707',168),
 (1687,'PUCARA','210708',168),
 (1688,'SANTA LUCIA','210709',168),
 (1689,'VILAVILA','210710',168),
 (1690,'AYAVIRI','210801',169),
 (1691,'ANTAUTA','210802',169),
 (1692,'CUPI','210803',169),
 (1693,'LLALLI','210804',169),
 (1694,'MACARI','210805',169),
 (1695,'NUNOA','210806',169),
 (1696,'ORURILLO','210807',169),
 (1697,'SANTA ROSA','210808',169),
 (1698,'UMACHIRI','210809',169),
 (1699,'MOHO','210901',170),
 (1700,'CONIMA','210902',170),
 (1701,'HUAYRAPATA','210903',170),
 (1702,'TILALI','210904',170),
 (1703,'PUTINA','211001',171),
 (1704,'ANANEA','211002',171),
 (1705,'PEDRO VILCA APAZA','211003',171),
 (1706,'QUILCAPUNCU','211004',171),
 (1707,'SINA','211005',171),
 (1708,'JULIACA','211101',172),
 (1709,'CABANA','211102',172),
 (1710,'CABANILLAS','211103',172),
 (1711,'CARACOTO','211104',172),
 (1712,'JULIACA2','211130',172),
 (1713,'SANDIA','211201',173),
 (1714,'CUYOCUYO','211202',173),
 (1715,'LIMBANI','211203',173),
 (1716,'PATAMBUCO','211204',173),
 (1717,'PHARA','211205',173),
 (1718,'QUIACA','211206',173),
 (1719,'SAN JUAN DEL ORO','211207',173),
 (1720,'YANAHUAYA','211208',173),
 (1721,'ALTO INAMBARI','211209',173),
 (1722,'SAN PEDRO DE PUTINA PUNCO','211210',173),
 (1723,'YUNGUYO','211301',174),
 (1724,'ANAPIA','211302',174),
 (1725,'COPANI','211303',174),
 (1726,'CUTURAPI','211304',174),
 (1727,'OLLARAYA','211305',174),
 (1728,'TINICACHI','211306',174),
 (1729,'UNICACHI','211307',174),
 (1730,'MOYOBAMBA','220101',175),
 (1731,'CALZADA','220102',175),
 (1732,'HABANA','220103',175),
 (1733,'JEPELACIO','220104',175),
 (1734,'SORITOR','220105',175),
 (1735,'YANTALO','220106',175),
 (1736,'BELLAVISTA','220201',176),
 (1737,'ALTO BIAVO','220202',176),
 (1738,'BAJO BIAVO','220203',176),
 (1739,'HUALLAGA','220204',176),
 (1740,'SAN PABLO','220205',176),
 (1741,'SAN RAFAEL','220206',176),
 (1742,'SAN JOSE DE SISA','220301',177),
 (1743,'AGUA BLANCA','220302',177),
 (1744,'SAN MARTIN','220303',177),
 (1745,'SANTA ROSA','220304',177),
 (1746,'SHATOJA','220305',177),
 (1747,'SAPOSOA','220401',178),
 (1748,'ALTO SAPOSOA','220402',178),
 (1749,'EL ESLABON','220403',178),
 (1750,'PISCOYACU','220404',178),
 (1751,'SACANCHE','220405',178),
 (1752,'TINGO DE SAPOSOA','220406',178),
 (1753,'LAMAS','220501',179),
 (1754,'ALFONSO DE ALVARARO','220502',179),
 (1755,'BARRANQUITA','220503',179),
 (1756,'CAYNARACHI','220504',179),
 (1757,'CUNUMBUQUI','220505',179),
 (1758,'PINTO RECODO','220506',179),
 (1759,'RUMISAPA','220507',179),
 (1760,'SAN ROQUE DE CUMBAZA','220508',179),
 (1761,'SHANAO','220509',179),
 (1762,'TABALOSOS','220510',179),
 (1763,'ZAPATERO','220511',179),
 (1764,'JUANJUI','220601',180),
 (1765,'CAMPANILLA','220602',180),
 (1766,'HUICUNGO','220603',180),
 (1767,'PACHIZA','220604',180),
 (1768,'PAJARILLO','220605',180),
 (1769,'PICOTA','220701',181),
 (1770,'BUENOS AIRES','220702',181),
 (1771,'CASPISAPA','220703',181),
 (1772,'PILLUANA','220704',181),
 (1773,'PUCACACA','220705',181),
 (1774,'SAN CRISTOBAL','220706',181),
 (1775,'SAN HILARION','220707',181),
 (1776,'SHAMBOYACU','220708',181),
 (1777,'TINGO DE PONASA','220709',181),
 (1778,'TRES UNIDOS','220710',181),
 (1779,'RIOJA','220801',182),
 (1780,'AXAJUN','220802',182),
 (1781,'ELIAS SOPLIN VARGAS','220803',182),
 (1782,'NUEVA CAJAMARCA','220804',182),
 (1783,'PARDO MIGUEL','220805',182),
 (1784,'POSIC','220806',182),
 (1785,'SAN FERNANDO','220807',182),
 (1786,'YORONGOS','220808',182),
 (1787,'YURACYACU','220809',182),
 (1788,'TARAPOTO','220901',183),
 (1789,'ALBERTO LEVEAU','220902',183),
 (1790,'CACATACHI','220903',183),
 (1791,'CHAZUTA','220904',183),
 (1792,'CHIPURANA','220905',183),
 (1793,'EL PORVENIR','220906',183),
 (1794,'HUIMBAYOC','220907',183),
 (1795,'JUAN GUERRA','220908',183),
 (1796,'LA BANDA DE SHILCAYO','220909',183),
 (1797,'MORALES','220910',183),
 (1798,'PAPAPLAYA','220911',183),
 (1799,'SAN ANTONIO','220912',183),
 (1800,'SAUCE','220913',183),
 (1801,'SHAPAJA','220914',183),
 (1802,'TOCACHE','221001',184),
 (1803,'NUEVO PROGRESO','221002',184),
 (1804,'POLVORA','221003',184),
 (1805,'SHUNTE','221004',184),
 (1806,'UCHIZA','221005',184),
 (1807,'TACNA1','230101',185),
 (1808,'ALTO DE LA ALIANZA','230102',185),
 (1809,'CALANA','230103',185),
 (1810,'CIUDAD NUEVA','230104',185),
 (1811,'INCLAN','230105',185),
 (1812,'PACHIA','230106',185),
 (1813,'PALCA','230107',185),
 (1814,'POCOLLAY','230108',185),
 (1815,'SAMA','230109',185),
 (1816,'CRNEL. GREGORIO ALBARRACIN L','230110',185),
 (1817,'TACNA2','230191',185),
 (1818,'TACNA3','230192',185),
 (1819,'TACNA4','230193',185),
 (1820,'CANDARAVE','230201',186),
 (1821,'CAIRANI','230202',186),
 (1822,'CAMILACA','230203',186),
 (1823,'CURIBAYA','230204',186),
 (1824,'HUANUARA','230205',186),
 (1825,'QUILAHUANI','230206',186),
 (1826,'LOCUMBA','230301',187),
 (1827,'ILABAYA','230302',187),
 (1828,'ITE','230303',187),
 (1829,'TARATA','230401',188),
 (1830,'CHUCATAMANI','230402',188),
 (1831,'ESTIQUE','230403',188),
 (1832,'ESTIQUE-PAMPA','230404',188),
 (1833,'SITAJARA','230405',188),
 (1834,'SUSAPAYA','230406',188),
 (1835,'TARUCACHI','230407',188),
 (1836,'TICACO','230408',188),
 (1837,'TUMBES','240101',189),
 (1838,'CORRALES','240102',189),
 (1839,'LA CRUZ','240103',189),
 (1840,'PAMPAS DE HOSPITAL','240104',189),
 (1841,'SAN JACINTO','240105',189),
 (1842,'SAN JUAN DE LA VIRGEN','240106',189),
 (1843,'ZORRITOS','240201',190),
 (1844,'CASITAS','240202',190),
 (1845,'CANOAS DE PUNTA SAL','240203',190),
 (1846,'ZARUMILLA','240301',191),
 (1847,'AGUAS VERDES','240302',191),
 (1848,'MATAPALO','240303',191),
 (1849,'PAPAYAL','240304',191),
 (1850,'CALLERIA','250101',192),
 (1851,'CAMPOVERDE','250102',192),
 (1852,'IPARIA','250103',192),
 (1853,'MASISEA','250104',192),
 (1854,'YARINACOCHA','250105',192),
 (1855,'NUEVA REQUENA','250106',192),
 (1856,'MANANTAY','250107',192),
 (1857,'RAYMONDI','250201',193),
 (1858,'SEPAHUA','250202',193),
 (1859,'TAHUANIA','250203',193),
 (1860,'YURUA','250204',193),
 (1861,'PADRE ABAD','250301',194),
 (1862,'IRAZOLA','250302',194),
 (1863,'CURIMANA','250303',194),
 (1864,'PURUS','250401',195),
 (1865,'EXTRANJERO','999999',196);
UNLOCK TABLES;
/*!40000 ALTER TABLE `distritos` ENABLE KEYS */;


--
-- Definition of table `test`.`provincias`
--

DROP TABLE IF EXISTS `test`.`provincias`;
CREATE TABLE  `test`.`provincias` (
  `id` smallint(5) unsigned NOT NULL AUTO_INCREMENT,
  `despro` varchar(50) NOT NULL,
  `codpro` char(4) NOT NULL,
  `departamento_id` tinyint(3) unsigned NOT NULL,
  PRIMARY KEY (`id`),
  KEY `coddep` (`departamento_id`)
) ENGINE=InnoDB AUTO_INCREMENT=197 DEFAULT CHARSET=latin1;

--
-- Dumping data for table `test`.`provincias`
--

/*!40000 ALTER TABLE `provincias` DISABLE KEYS */;
LOCK TABLES `provincias` WRITE;
INSERT INTO `test`.`provincias` VALUES  (1,'CHACHAPOYAS','0101',1),
 (2,'BAGUA','0102',1),
 (3,'BONGARA','0103',1),
 (4,'CONDORCANQUI','0104',1),
 (5,'LUYA','0105',1),
 (6,'RODRIGUEZ DE MENDOZA','0106',1),
 (7,'UTCUBAMBA','0107',1),
 (8,'HUARAZ','0201',2),
 (9,'AIJA','0202',2),
 (10,'ANTONIO RAYMONDI','0203',2),
 (11,'ASUNCION','0204',2),
 (12,'BOLOGNESI','0205',2),
 (13,'CARHUAZ','0206',2),
 (14,'CARLOS F. FITZCARRAL','0207',2),
 (15,'CASMA','0208',2),
 (16,'CORONGO','0209',2),
 (17,'HUARI','0210',2),
 (18,'HUARMEY','0211',2),
 (19,'HUAYLAS','0212',2),
 (20,'MARISCAL LUZURIAGA','0213',2),
 (21,'OCROS','0214',2),
 (22,'PALLASCA','0215',2),
 (23,'POMABAMBA','0216',2),
 (24,'RECUAY','0217',2),
 (25,'SANTA','0218',2),
 (26,'SIHUAS','0219',2),
 (27,'YUNGAY','0220',2),
 (28,'ABANCAY','0301',3),
 (29,'ANDAHUAYLAS','0302',3),
 (30,'ANTABAMBA','0303',3),
 (31,'AYMARAES','0304',3),
 (32,'COTABAMBAS','0305',3),
 (33,'CHINCHEROS','0306',3),
 (34,'GRAU','0307',3),
 (35,'AREQUIPA','0401',4),
 (36,'CAMANA','0402',4),
 (37,'CARAVELI','0403',4),
 (38,'CASTILLA','0404',4),
 (39,'CAYLLOMA','0405',4),
 (40,'CONDESUYOS','0406',4),
 (41,'ISLAY','0407',4),
 (42,'LA UNION','0408',4),
 (43,'HUAMANGA','0501',5),
 (44,'CANGALLO','0502',5),
 (45,'HUANCA SANCOS','0503',5),
 (46,'HUANTA','0504',5),
 (47,'LA MAR','0505',5),
 (48,'LUCANAS','0506',5),
 (49,'PARINACOCHAS','0507',5),
 (50,'PAUCAR DEL SARA SARA','0508',5),
 (51,'SUCRE','0509',5),
 (52,'VICTOR FAJARDO','0510',5),
 (53,'VILCAS HUAMAN','0511',5),
 (54,'CAJAMARCA','0601',6),
 (55,'CAJABAMBA','0602',6),
 (56,'CELENDIN','0603',6),
 (57,'CHOTA','0604',6),
 (58,'CONTUMAZA','0605',6),
 (59,'CUTERVO','0606',6),
 (60,'HUALGAYOC','0607',6),
 (61,'JAEN','0608',6),
 (62,'SAN IGNACIO','0609',6),
 (63,'SAN MARCOS','0610',6),
 (64,'SAN MIGUEL','0611',6),
 (65,'SAN PABLO','0612',6),
 (66,'SANTA CRUZ','0613',6),
 (67,'CALLAO','0701',7),
 (68,'CUSCO','0801',8),
 (69,'ACOMAYO','0802',8),
 (70,'ANTA','0803',8),
 (71,'CALCA','0804',8),
 (72,'CANAS','0805',8),
 (73,'CANCHIS','0806',8),
 (74,'CHUMBIVILCAS','0807',8),
 (75,'ESPINAR','0808',8),
 (76,'LA CONVENCION','0809',8),
 (77,'PARURO','0810',8),
 (78,'PAUCARTAMBO','0811',8),
 (79,'QUISPICANCHI','0812',8),
 (80,'URUBAMBA','0813',8),
 (81,'HUANCAVELICA','0901',9),
 (82,'ACOBAMBA','0902',9),
 (83,'ANGARAES','0903',9),
 (84,'CASTROVIRREYNA','0904',9),
 (85,'CHURCAMPA','0905',9),
 (86,'HUAYTARA','0906',9),
 (87,'TAYACAJA','0907',9),
 (88,'HUANUCO','1001',10),
 (89,'AMBO','1002',10),
 (90,'DOS DE MAYO','1003',10),
 (91,'HUACAYBAMBA','1004',10),
 (92,'HUAMALIES','1005',10),
 (93,'LEONCIO PRADO','1006',10),
 (94,'MARA ON','1007',10),
 (95,'PACHITEA','1008',10),
 (96,'PUERTO INCA','1009',10),
 (97,'LAURICOCHA','1010',10),
 (98,'YAROXILCA','1011',10),
 (99,'ICA','1101',11),
 (100,'CHINCHA','1102',11),
 (101,'NAZCA','1103',11),
 (102,'PALPA','1104',11),
 (103,'PISCO','1105',11),
 (104,'HUANCAYO','1201',12),
 (105,'CONCEPCION','1202',12),
 (106,'CHANCHAMAYO','1203',12),
 (107,'JAUJA','1204',12),
 (108,'JUNIN','1205',12),
 (109,'SATIPO','1206',12),
 (110,'TARMA','1207',12),
 (111,'YAULI','1208',12),
 (112,'CHUPACA','1209',12),
 (113,'TRUJILLO','1301',13),
 (114,'ASCOPE','1302',13),
 (115,'BOLIVAR','1303',13),
 (116,'CHEPEN','1304',13),
 (117,'JULCAN','1305',13),
 (118,'OTUZCO','1306',13),
 (119,'PACASMAYO','1307',13),
 (120,'PATAZ','1308',13),
 (121,'SANCHEZ CARRION','1309',13),
 (122,'SANTIAGO DE CHUCO','1310',13),
 (123,'GRAN CHIMU','1311',13),
 (124,'VIRU','1312',13),
 (125,'CHICLAYO','1401',14),
 (126,'FERRE AFE','1402',14),
 (127,'LAMBAYEQUE','1403',14),
 (128,'LIMA','1501',15),
 (129,'BARRANCA','1502',15),
 (130,'CAJATAMBO','1503',15),
 (131,'CANTA','1504',15),
 (132,'CA ETE','1505',15),
 (133,'HUARAL','1506',15),
 (134,'HUAROCHIRI','1507',15),
 (135,'HUAURA','1508',15),
 (136,'OYON','1509',15),
 (137,'YAUYOS','1510',15),
 (138,'MAYNAS','1601',16),
 (139,'ALTO AMAZONAS','1602',16),
 (140,'LORETO','1603',16),
 (141,'MARISCAL RAMON CASTILLA','1604',16),
 (142,'REQUENA','1605',16),
 (143,'UCAYALI','1606',16),
 (144,'DATEM DEL MARAÑON','1607',16),
 (145,'TAMBOPATA','1701',17),
 (146,'MANU','1702',17),
 (147,'TAHUAMANU','1703',17),
 (148,'MARISCAL NIETO','1801',18),
 (149,'GENERAL SANCHEZ CERRO','1802',18),
 (150,'ILO','1803',18),
 (151,'PASCO','1901',19),
 (152,'DANIEL ALCIDES CARRION','1902',19),
 (153,'OXAPAMPA','1903',19),
 (154,'PIURA','2001',20),
 (155,'AYABACA','2002',20),
 (156,'HUANCABAMBA','2003',20),
 (157,'MORROPON','2004',20),
 (158,'PAITA','2005',20),
 (159,'SULLANA','2006',20),
 (160,'TALARA','2007',20),
 (161,'SECHURA','2008',20),
 (162,'PUNO','2101',21),
 (163,'AZANGARO','2102',21),
 (164,'CARABAYA','2103',21),
 (165,'CHUCUITO','2104',21),
 (166,'EL COLLAO','2105',21),
 (167,'HUANCANE','2106',21),
 (168,'LAMPA','2107',21),
 (169,'MELGAR','2108',21),
 (170,'MOHO','2109',21),
 (171,'SAN ANTONIO DE PUTIN','2110',21),
 (172,'SAN ROMAN','2111',21),
 (173,'SANDIA','2112',21),
 (174,'YUNGUYO','2113',21),
 (175,'MOYOBAMBA','2201',22),
 (176,'BELLAVISTA','2202',22),
 (177,'EL DORADO','2203',22),
 (178,'HUALLAGA','2204',22),
 (179,'LAMAS','2205',22),
 (180,'MARISCAL CACERES','2206',22),
 (181,'PICOTA','2207',22),
 (182,'RIOJA','2208',22),
 (183,'SAN MARTIN','2209',22),
 (184,'TOCACHE','2210',22),
 (185,'TACNA','2301',23),
 (186,'CANDARAVE','2302',23),
 (187,'JORGE BASADRE','2303',23),
 (188,'TARATA','2304',23),
 (189,'TUMBES','2401',24),
 (190,'CONTRALMIRANTE VILLAR','2402',24),
 (191,'ZARUMILLA','2403',24),
 (192,'CORONEL PORTILLO','2501',25),
 (193,'ATALAYA','2502',25),
 (194,'PADRE ABAD','2503',25),
 (195,'PURUS','2504',25),
 (196,'EXTRANJERO','9999',26);
UNLOCK TABLES;
/*!40000 ALTER TABLE `provincias` ENABLE KEYS */;




/*!40101 SET SQL_MODE=@OLD_SQL_MODE */;
/*!40014 SET FOREIGN_KEY_CHECKS=@OLD_FOREIGN_KEY_CHECKS */;
/*!40014 SET UNIQUE_CHECKS=@OLD_UNIQUE_CHECKS */;
/*!40101 SET CHARACTER_SET_CLIENT=@OLD_CHARACTER_SET_CLIENT */;
/*!40101 SET CHARACTER_SET_RESULTS=@OLD_CHARACTER_SET_RESULTS */;
/*!40101 SET COLLATION_CONNECTION=@OLD_COLLATION_CONNECTION */;
/*!40101 SET CHARACTER_SET_CLIENT=@OLD_CHARACTER_SET_CLIENT */;
